Gene Symbol,Description,Category,Uniprot ID,Gifts,GC Id,Relevance score, GeneCards Link
"GLUL","Glutamate-Ammonia Ligase","Protein Coding","P15104","61","GC01M182378","52.9563407897949","https://www.genecards.org/cgi-bin/carddisp.pl?gene=GLUL"
"FADD","Fas Associated Via Death Domain","Protein Coding","Q13158","59","GC11P070203","48.5682144165039","https://www.genecards.org/cgi-bin/carddisp.pl?gene=FADD"
"CPS1","Carbamoyl-Phosphate Synthase 1","Protein Coding","P31327","61","GC02P210477","47.0724449157715","https://www.genecards.org/cgi-bin/carddisp.pl?gene=CPS1"
"FAS","Fas Cell Surface Death Receptor","Protein Coding","P25445","64","GC10P116129","45.7756767272949","https://www.genecards.org/cgi-bin/carddisp.pl?gene=FAS"
"MYBPC3","Myosin Binding Protein C3","Protein Coding","Q14896","59","GC11M132468","39.4846115112305","https://www.genecards.org/cgi-bin/carddisp.pl?gene=MYBPC3"
"BID","BH3 Interacting Domain Death Agonist","Protein Coding","P55957","58","GC22M017734","38.1738929748535","https://www.genecards.org/cgi-bin/carddisp.pl?gene=BID"
"OTC","Ornithine Transcarbamylase","Protein Coding","P00480","59","GC0XP038345","35.8841209411621","https://www.genecards.org/cgi-bin/carddisp.pl?gene=OTC"
"HAL","Histidine Ammonia-Lyase","Protein Coding","P42357","55","GC12M095972","35.4668579101563","https://www.genecards.org/cgi-bin/carddisp.pl?gene=HAL"
"CASP3","Caspase 3","Protein Coding","P42574","62","GC04M184627","34.6993865966797","https://www.genecards.org/cgi-bin/carddisp.pl?gene=CASP3"
"ASS1","Argininosuccinate Synthase 1","Protein Coding","P00966","62","GC09P130444","32.2405471801758","https://www.genecards.org/cgi-bin/carddisp.pl?gene=ASS1"
"BAD","BCL2 Associated Agonist Of Cell Death","Protein Coding","Q92934","57","GC11M132747","31.6750659942627","https://www.genecards.org/cgi-bin/carddisp.pl?gene=BAD"
"TP53","Tumor Protein P53","Protein Coding","P04637","66","GC17M007661","31.0529918670654","https://www.genecards.org/cgi-bin/carddisp.pl?gene=TP53"
"MYH7","Myosin Heavy Chain 7","Protein Coding","P12883","59","GC14M023412","30.6257019042969","https://www.genecards.org/cgi-bin/carddisp.pl?gene=MYH7"
"TNF","Tumor Necrosis Factor","Protein Coding","P01375","65","GC06P156244","30.1425971984863","https://www.genecards.org/cgi-bin/carddisp.pl?gene=TNF"
"ACADM","Acyl-CoA Dehydrogenase Medium Chain","Protein Coding","P11310","59","GC01P075724","29.1239814758301","https://www.genecards.org/cgi-bin/carddisp.pl?gene=ACADM"
"ASL","Argininosuccinate Lyase","Protein Coding","P04424","56","GC07P066075","29.012731552124","https://www.genecards.org/cgi-bin/carddisp.pl?gene=ASL"
"TNNI3","Troponin I3, Cardiac Type","Protein Coding","P19429","61","GC19M055151","28.4611206054688","https://www.genecards.org/cgi-bin/carddisp.pl?gene=TNNI3"
"SLC25A13","Solute Carrier Family 25 Member 13","Protein Coding","Q9UJS0","58","GC07M096120","28.1684226989746","https://www.genecards.org/cgi-bin/carddisp.pl?gene=SLC25A13"
"BCL2","BCL2 Apoptosis Regulator","Protein Coding","P10415","63","GC18M063123","27.6301288604736","https://www.genecards.org/cgi-bin/carddisp.pl?gene=BCL2"
"SCN1A","Sodium Voltage-Gated Channel Alpha Subunit 1","Protein Coding","P35498","60","GC02M165989","27.3816909790039","https://www.genecards.org/cgi-bin/carddisp.pl?gene=SCN1A"
"GLUD1","Glutamate Dehydrogenase 1","Protein Coding","P00367","63","GC10M087050","26.5512809753418","https://www.genecards.org/cgi-bin/carddisp.pl?gene=GLUD1"
"ACADVL","Acyl-CoA Dehydrogenase Very Long Chain","Protein Coding","P49748","58","GC17P132621","26.4978141784668","https://www.genecards.org/cgi-bin/carddisp.pl?gene=ACADVL"
"NAGS","N-Acetylglutamate Synthase","Protein Coding","Q8N159","54","GC17P044004","26.1277160644531","https://www.genecards.org/cgi-bin/carddisp.pl?gene=NAGS"
"GLS","Glutaminase","Protein Coding","O94925","62","GC02P190880","25.7029266357422","https://www.genecards.org/cgi-bin/carddisp.pl?gene=GLS"
"HADHA","Hydroxyacyl-CoA Dehydrogenase Trifunctional Multienzyme Complex Subunit Alpha","Protein Coding","P40939","59","GC02M026190","25.5335712432861","https://www.genecards.org/cgi-bin/carddisp.pl?gene=HADHA"
"ARG1","Arginase 1","Protein Coding","P05089","62","GC06P158145","24.3472957611084","https://www.genecards.org/cgi-bin/carddisp.pl?gene=ARG1"
"BAX","BCL2 Associated X, Apoptosis Regulator","Protein Coding","Q07812","64","GC19P048954","23.8899459838867","https://www.genecards.org/cgi-bin/carddisp.pl?gene=BAX"
"CFLAR","CASP8 And FADD Like Apoptosis Regulator","Protein Coding","O15519","56","GC02P204216","22.4833202362061","https://www.genecards.org/cgi-bin/carddisp.pl?gene=CFLAR"
"SLC25A15","Solute Carrier Family 25 Member 15","Protein Coding","Q9Y619","56","GC13P040789","22.0671901702881","https://www.genecards.org/cgi-bin/carddisp.pl?gene=SLC25A15"
"CYCS","Cytochrome C, Somatic","Protein Coding","P99999","61","GC07M025118","21.8808689117432","https://www.genecards.org/cgi-bin/carddisp.pl?gene=CYCS"
"CPT2","Carnitine Palmitoyltransferase 2","Protein Coding","P23786","62","GC01P053196","21.790735244751","https://www.genecards.org/cgi-bin/carddisp.pl?gene=CPT2"
"SLC22A5","Solute Carrier Family 22 Member 5","Protein Coding","O76082","59","GC05P132369","21.6869812011719","https://www.genecards.org/cgi-bin/carddisp.pl?gene=SLC22A5"
"HADHB","Hydroxyacyl-CoA Dehydrogenase Trifunctional Multienzyme Complex Subunit Beta","Protein Coding","P55084","59","GC02P026243","21.5316505432129","https://www.genecards.org/cgi-bin/carddisp.pl?gene=HADHB"
"BCL2L1","BCL2 Like 1","Protein Coding","Q07817","62","GC20M031664","21.3506412506104","https://www.genecards.org/cgi-bin/carddisp.pl?gene=BCL2L1"
"SLC25A20","Solute Carrier Family 25 Member 20","Protein Coding","O43772","58","GC03M048960","21.067066192627","https://www.genecards.org/cgi-bin/carddisp.pl?gene=SLC25A20"
"EDARADD","EDAR Associated Via Death Domain","Protein Coding","Q8WWZ3","48","GC01P236348","20.9383850097656","https://www.genecards.org/cgi-bin/carddisp.pl?gene=EDARADD"
"TNFSF10","TNF Superfamily Member 10","Protein Coding","P50591","57","GC03M172505","20.9129295349121","https://www.genecards.org/cgi-bin/carddisp.pl?gene=TNFSF10"
"CPT1A","Carnitine Palmitoyltransferase 1A","Protein Coding","P50416","61","GC11M068754","20.3395957946777","https://www.genecards.org/cgi-bin/carddisp.pl?gene=CPT1A"
"MAPK8","Mitogen-Activated Protein Kinase 8","Protein Coding","P45983","62","GC10P048306","20.2793807983398","https://www.genecards.org/cgi-bin/carddisp.pl?gene=MAPK8"
"TNNT2","Troponin T2, Cardiac Type","Protein Coding","P45379","61","GC01M201359","20.0444984436035","https://www.genecards.org/cgi-bin/carddisp.pl?gene=TNNT2"
"PDHA1","Pyruvate Dehydrogenase E1 Subunit Alpha 1","Protein Coding","P08559","60","GC0XP019343","19.8630619049072","https://www.genecards.org/cgi-bin/carddisp.pl?gene=PDHA1"
"OAT","Ornithine Aminotransferase","Protein Coding","P04181","60","GC10M124397","19.3118286132813","https://www.genecards.org/cgi-bin/carddisp.pl?gene=OAT"
"HMGCL","3-Hydroxy-3-Methylglutaryl-CoA Lyase","Protein Coding","P35914","58","GC01M023801","19.2311172485352","https://www.genecards.org/cgi-bin/carddisp.pl?gene=HMGCL"
"KCNJ2","Potassium Inwardly Rectifying Channel Subfamily J Member 2","Protein Coding","P63252","61","GC17P070168","18.4921474456787","https://www.genecards.org/cgi-bin/carddisp.pl?gene=KCNJ2"
"PC","Pyruvate Carboxylase","Protein Coding","P11498","60","GC11M066848","18.1486129760742","https://www.genecards.org/cgi-bin/carddisp.pl?gene=PC"
"MYH6","Myosin Heavy Chain 6","Protein Coding","P13533","59","GC14M023381","18.105920791626","https://www.genecards.org/cgi-bin/carddisp.pl?gene=MYH6"
"IL6","Interleukin 6","Protein Coding","P05231","63","GC07P022725","17.7578773498535","https://www.genecards.org/cgi-bin/carddisp.pl?gene=IL6"
"BCKDHB","Branched Chain Keto Acid Dehydrogenase E1 Subunit Beta","Protein Coding","P21953","55","GC06P080106","17.7260246276855","https://www.genecards.org/cgi-bin/carddisp.pl?gene=BCKDHB"
"PARP1","Poly(ADP-Ribose) Polymerase 1","Protein Coding","P09874","63","GC01M226360","17.5894145965576","https://www.genecards.org/cgi-bin/carddisp.pl?gene=PARP1"
"GCK","Glucokinase","Protein Coding","P35557","62","GC07M045514","17.30299949646","https://www.genecards.org/cgi-bin/carddisp.pl?gene=GCK"
"SOD1","Superoxide Dismutase 1","Protein Coding","P00441","66","GC21P031659","17.0427436828613","https://www.genecards.org/cgi-bin/carddisp.pl?gene=SOD1"
"ETFDH","Electron Transfer Flavoprotein Dehydrogenase","Protein Coding","Q16134","57","GC04P158672","16.9209861755371","https://www.genecards.org/cgi-bin/carddisp.pl?gene=ETFDH"
"PCCA","Propionyl-CoA Carboxylase Subunit Alpha","Protein Coding","P05165","59","GC13P100089","16.8873386383057","https://www.genecards.org/cgi-bin/carddisp.pl?gene=PCCA"
"APP","Amyloid Beta Precursor Protein","Protein Coding","P05067","63","GC21M025880","16.7855072021484","https://www.genecards.org/cgi-bin/carddisp.pl?gene=APP"
"MAPK1","Mitogen-Activated Protein Kinase 1","Protein Coding","P28482","65","GC22M021759","16.6671524047852","https://www.genecards.org/cgi-bin/carddisp.pl?gene=MAPK1"
"LINC01672","Long Intergenic Non-Protein Coding RNA 1672","RNA Gene","","19","GC01P060062","16.5620899200439","https://www.genecards.org/cgi-bin/carddisp.pl?gene=LINC01672"
"SLC7A7","Solute Carrier Family 7 Member 7","Protein Coding","Q9UM01","56","GC14M022773","16.2763957977295","https://www.genecards.org/cgi-bin/carddisp.pl?gene=SLC7A7"
"DAPL1","Death Associated Protein Like 1","Protein Coding","A0PJW8","41","GC02P158795","16.2255039215088","https://www.genecards.org/cgi-bin/carddisp.pl?gene=DAPL1"
"MMUT","Methylmalonyl-CoA Mutase","Protein Coding","P22033","58","GC06M049430","16.1296691894531","https://www.genecards.org/cgi-bin/carddisp.pl?gene=MMUT"
"MYL2","Myosin Light Chain 2","Protein Coding","P10916","61","GC12M111857","16.0673847198486","https://www.genecards.org/cgi-bin/carddisp.pl?gene=MYL2"
"ACADS","Acyl-CoA Dehydrogenase Short Chain","Protein Coding","P16219","58","GC12P136083","16.0039196014404","https://www.genecards.org/cgi-bin/carddisp.pl?gene=ACADS"
"CASP7","Caspase 7","Protein Coding","P55210","62","GC10P113679","15.895565032959","https://www.genecards.org/cgi-bin/carddisp.pl?gene=CASP7"
"BCL2L11","BCL2 Like 11","Protein Coding","O43521","58","GC02P111119","15.8527603149414","https://www.genecards.org/cgi-bin/carddisp.pl?gene=BCL2L11"
"ETFB","Electron Transfer Flavoprotein Subunit Beta","Protein Coding","P38117","57","GC19M051345","15.537260055542","https://www.genecards.org/cgi-bin/carddisp.pl?gene=ETFB"
"JUN","Jun Proto-Oncogene, AP-1 Transcription Factor Subunit","Protein Coding","P05412","62","GC01M058780","15.3389930725098","https://www.genecards.org/cgi-bin/carddisp.pl?gene=JUN"
"IL10","Interleukin 10","Protein Coding","P22301","60","GC01M206767","15.2372589111328","https://www.genecards.org/cgi-bin/carddisp.pl?gene=IL10"
"IL1B","Interleukin 1 Beta","Protein Coding","P01584","60","GC02M112829","15.2186765670776","https://www.genecards.org/cgi-bin/carddisp.pl?gene=IL1B"
"PCCB","Propionyl-CoA Carboxylase Subunit Beta","Protein Coding","P05166","59","GC03P136250","15.184928894043","https://www.genecards.org/cgi-bin/carddisp.pl?gene=PCCB"
"TMEM70","Transmembrane Protein 70","Protein Coding","Q9BUB7","51","GC08P073972","15.1360483169556","https://www.genecards.org/cgi-bin/carddisp.pl?gene=TMEM70"
"ALB","Albumin","Protein Coding","P02768","61","GC04P073397","15.0938539505005","https://www.genecards.org/cgi-bin/carddisp.pl?gene=ALB"
"MAOA","Monoamine Oxidase A","Protein Coding","P21397","62","GC0XP043654","15.0543270111084","https://www.genecards.org/cgi-bin/carddisp.pl?gene=MAOA"
"IVD","Isovaleryl-CoA Dehydrogenase","Protein Coding","P26440","56","GC15P040405","14.7952919006348","https://www.genecards.org/cgi-bin/carddisp.pl?gene=IVD"
"NGF","Nerve Growth Factor","Protein Coding","P01138","63","GC01M115285","14.7582740783691","https://www.genecards.org/cgi-bin/carddisp.pl?gene=NGF"
"MMACHC","Metabolism Of Cobalamin Associated C","Protein Coding","Q9Y4U1","55","GC01P045500","14.6141004562378","https://www.genecards.org/cgi-bin/carddisp.pl?gene=MMACHC"
"DLD","Dihydrolipoamide Dehydrogenase","Protein Coding","P09622","62","GC07P109031","14.5800685882568","https://www.genecards.org/cgi-bin/carddisp.pl?gene=DLD"
"SNCA","Synuclein Alpha","Protein Coding","P37840","65","GC04M089724","14.4487295150757","https://www.genecards.org/cgi-bin/carddisp.pl?gene=SNCA"
"NFKB1","Nuclear Factor Kappa B Subunit 1","Protein Coding","P19838","66","GC04P102501","14.4158334732056","https://www.genecards.org/cgi-bin/carddisp.pl?gene=NFKB1"
"RIPK3","Receptor Interacting Serine/Threonine Kinase 3","Protein Coding","Q9Y572","56","GC14M024336","14.3559017181396","https://www.genecards.org/cgi-bin/carddisp.pl?gene=RIPK3"
"TPM1","Tropomyosin 1","Protein Coding","P09493","61","GC15P183371","14.3108797073364","https://www.genecards.org/cgi-bin/carddisp.pl?gene=TPM1"
"ETFA","Electron Transfer Flavoprotein Subunit Alpha","Protein Coding","P13804","58","GC15M155649","14.2562656402588","https://www.genecards.org/cgi-bin/carddisp.pl?gene=ETFA"
"BDNF","Brain Derived Neurotrophic Factor","Protein Coding","P23560","62","GC11M027654","14.1734380722046","https://www.genecards.org/cgi-bin/carddisp.pl?gene=BDNF"
"TTR","Transthyretin","Protein Coding","P02766","61","GC18P031557","14.0793085098267","https://www.genecards.org/cgi-bin/carddisp.pl?gene=TTR"
"RHAG","Rh Associated Glycoprotein","Protein Coding","Q02094","55","GC06M049605","14.0516109466553","https://www.genecards.org/cgi-bin/carddisp.pl?gene=RHAG"
"HLCS","Holocarboxylase Synthetase","Protein Coding","P50747","55","GC21M036750","13.9930734634399","https://www.genecards.org/cgi-bin/carddisp.pl?gene=HLCS"
"DMD","Dystrophin","Protein Coding","P11532","58","GC0XM031097","13.9554529190063","https://www.genecards.org/cgi-bin/carddisp.pl?gene=DMD"
"RHBG","Rh Family B Glycoprotein","Protein Coding","Q9H310","47","GC01P170559","13.9514446258545","https://www.genecards.org/cgi-bin/carddisp.pl?gene=RHBG"
"BDNF-AS","BDNF Antisense RNA","RNA Gene","","31","GC11P027466","13.8846130371094","https://www.genecards.org/cgi-bin/carddisp.pl?gene=BDNF-AS"
"CAD","Carbamoyl-Phosphate Synthetase 2, Aspartate Transcarbamylase, And Dihydroorotase","Protein Coding","P27708","62","GC02P027217","13.7002611160278","https://www.genecards.org/cgi-bin/carddisp.pl?gene=CAD"
"GAPDH","Glyceraldehyde-3-Phosphate Dehydrogenase","Protein Coding","P04406","63","GC12P046751","13.5791368484497","https://www.genecards.org/cgi-bin/carddisp.pl?gene=GAPDH"
"ARG2","Arginase 2","Protein Coding","P78540","59","GC14P067619","13.509105682373","https://www.genecards.org/cgi-bin/carddisp.pl?gene=ARG2"
"IFNG","Interferon Gamma","Protein Coding","P01579","63","GC12M068154","13.4852123260498","https://www.genecards.org/cgi-bin/carddisp.pl?gene=IFNG"
"APOE","Apolipoprotein E","Protein Coding","P02649","62","GC19P133238","13.4421558380127","https://www.genecards.org/cgi-bin/carddisp.pl?gene=APOE"
"ALDH18A1","Aldehyde Dehydrogenase 18 Family Member A1","Protein Coding","P54886","58","GC10M095605","13.4311380386353","https://www.genecards.org/cgi-bin/carddisp.pl?gene=ALDH18A1"
"ADA","Adenosine Deaminase","Protein Coding","P00813","63","GC20M044620","13.3825197219849","https://www.genecards.org/cgi-bin/carddisp.pl?gene=ADA"
"MMAA","Metabolism Of Cobalamin Associated A","Protein Coding","Q8IVH4","50","GC04P145647","13.3043336868286","https://www.genecards.org/cgi-bin/carddisp.pl?gene=MMAA"
"BCKDHA","Branched Chain Keto Acid Dehydrogenase E1 Subunit Alpha","Protein Coding","P12694","55","GC19P133107","13.2551164627075","https://www.genecards.org/cgi-bin/carddisp.pl?gene=BCKDHA"
"PARK7","Parkinsonism Associated Deglycase","Protein Coding","Q99497","60","GC01P060126","13.2394685745239","https://www.genecards.org/cgi-bin/carddisp.pl?gene=PARK7"
"CTNNB1","Catenin Beta 1","Protein Coding","P35222","66","GC03P041194","13.2161798477173","https://www.genecards.org/cgi-bin/carddisp.pl?gene=CTNNB1"
"HMOX1","Heme Oxygenase 1","Protein Coding","P09601","65","GC22P035380","13.2148876190186","https://www.genecards.org/cgi-bin/carddisp.pl?gene=HMOX1"
"PAH","Phenylalanine Hydroxylase","Protein Coding","P00439","60","GC12M102836","13.1625308990479","https://www.genecards.org/cgi-bin/carddisp.pl?gene=PAH"
"TMX2-CTNND1","TMX2-CTNND1 Readthrough (NMD Candidate)","RNA Gene","","26","GC11P057712","13.1501998901367","https://www.genecards.org/cgi-bin/carddisp.pl?gene=TMX2-CTNND1"
"CBS","Cystathionine Beta-Synthase","Protein Coding","P35520","63","GC21M043053","13.0289478302002","https://www.genecards.org/cgi-bin/carddisp.pl?gene=CBS"
"MECP2","Methyl-CpG Binding Protein 2","Protein Coding","P51608","59","GC0XM154021","12.9586172103882","https://www.genecards.org/cgi-bin/carddisp.pl?gene=MECP2"
"GFAP","Glial Fibrillary Acidic Protein","Protein Coding","P14136","61","GC17M089491","12.9014558792114","https://www.genecards.org/cgi-bin/carddisp.pl?gene=GFAP"
"CAT","Catalase","Protein Coding","P04040","64","GC11P034460","12.8922863006592","https://www.genecards.org/cgi-bin/carddisp.pl?gene=CAT"
"GJA1","Gap Junction Protein Alpha 1","Protein Coding","P17302","63","GC06P157880","12.6702880859375","https://www.genecards.org/cgi-bin/carddisp.pl?gene=GJA1"
"CA5A","Carbonic Anhydrase 5A","Protein Coding","P35218","56","GC16M087882","12.6143140792847","https://www.genecards.org/cgi-bin/carddisp.pl?gene=CA5A"
"IL1A","Interleukin 1 Alpha","Protein Coding","P01583","58","GC02M112773","12.5749864578247","https://www.genecards.org/cgi-bin/carddisp.pl?gene=IL1A"
"MCCC2","Methylcrotonyl-CoA Carboxylase Subunit 2","Protein Coding","Q9HCC0","55","GC05P079737","12.5405387878418","https://www.genecards.org/cgi-bin/carddisp.pl?gene=MCCC2"
"IDS","Iduronate 2-Sulfatase","Protein Coding","P22304","60","GC0XM149476","12.3861885070801","https://www.genecards.org/cgi-bin/carddisp.pl?gene=IDS"
"ACE","Angiotensin I Converting Enzyme","Protein Coding","P12821","64","GC17P063477","12.3795433044434","https://www.genecards.org/cgi-bin/carddisp.pl?gene=ACE"
"MYC","MYC Proto-Oncogene, BHLH Transcription Factor","Protein Coding","P01106","65","GC08P127735","12.2592144012451","https://www.genecards.org/cgi-bin/carddisp.pl?gene=MYC"
"ATF4","Activating Transcription Factor 4","Protein Coding","P18848","60","GC22P039519","12.1931867599487","https://www.genecards.org/cgi-bin/carddisp.pl?gene=ATF4"
"MTHFR","Methylenetetrahydrofolate Reductase","Protein Coding","P42898","61","GC01M011785","12.1877861022949","https://www.genecards.org/cgi-bin/carddisp.pl?gene=MTHFR"
"VEGFA","Vascular Endothelial Growth Factor A","Protein Coding","P15692","61","GC06P043770","12.1862936019897","https://www.genecards.org/cgi-bin/carddisp.pl?gene=VEGFA"
"RHCG","Rh Family C Glycoprotein","Protein Coding","Q9UBD6","50","GC15M089471","12.1641855239868","https://www.genecards.org/cgi-bin/carddisp.pl?gene=RHCG"
"GBA1","Glucosylceramidase Beta 1","Protein Coding","P04062","62","GC01M165117","12.1638193130493","https://www.genecards.org/cgi-bin/carddisp.pl?gene=GBA1"
"HIF1A","Hypoxia Inducible Factor 1 Subunit Alpha","Protein Coding","Q16665","61","GC14P061695","12.0869913101196","https://www.genecards.org/cgi-bin/carddisp.pl?gene=HIF1A"
"MMAB","Metabolism Of Cobalamin Associated B","Protein Coding","Q96EY8","55","GC12M109553","12.0674152374268","https://www.genecards.org/cgi-bin/carddisp.pl?gene=MMAB"
"MCCC1","Methylcrotonyl-CoA Carboxylase Subunit 1","Protein Coding","Q96RQ3","56","GC03M183015","12.0645866394043","https://www.genecards.org/cgi-bin/carddisp.pl?gene=MCCC1"
"MAPK14","Mitogen-Activated Protein Kinase 14","Protein Coding","Q16539","63","GC06P156437","11.9447841644287","https://www.genecards.org/cgi-bin/carddisp.pl?gene=MAPK14"
"SRR","Serine Racemase","Protein Coding","Q9GZT4","54","GC17P002303","11.8984956741333","https://www.genecards.org/cgi-bin/carddisp.pl?gene=SRR"
"GLULP6","Glutamate-Ammonia Ligase Pseudogene 6","Pseudogene","","8","GC02M194129","11.8828296661377","https://www.genecards.org/cgi-bin/carddisp.pl?gene=GLULP6"
"HADH","Hydroxyacyl-CoA Dehydrogenase","Protein Coding","Q16836","60","GC04P107989","11.8722066879272","https://www.genecards.org/cgi-bin/carddisp.pl?gene=HADH"
"CDKN2A","Cyclin Dependent Kinase Inhibitor 2A","Protein Coding","Q8N726","63","GC09M021967","11.8630800247192","https://www.genecards.org/cgi-bin/carddisp.pl?gene=CDKN2A"
"SUCLA2","Succinate-CoA Ligase ADP-Forming Subunit Beta","Protein Coding","Q9P2R7","58","GC13M047745","11.8566465377808","https://www.genecards.org/cgi-bin/carddisp.pl?gene=SUCLA2"
"CERNA3","Competing Endogenous LncRNA 3 For MiR-645","RNA Gene","","21","GC08P056381","11.8454475402832","https://www.genecards.org/cgi-bin/carddisp.pl?gene=CERNA3"
"HBB","Hemoglobin Subunit Beta","Protein Coding","P68871","58","GC11M013431","11.8412437438965","https://www.genecards.org/cgi-bin/carddisp.pl?gene=HBB"
"INS","Insulin","Protein Coding","P01308","61","GC11M002159","11.8333988189697","https://www.genecards.org/cgi-bin/carddisp.pl?gene=INS"
"CLU","Clusterin","Protein Coding","P10909","60","GC08M027596","11.7894506454468","https://www.genecards.org/cgi-bin/carddisp.pl?gene=CLU"
"F2","Coagulation Factor II, Thrombin","Protein Coding","P00734","63","GC11P048362","11.7828388214111","https://www.genecards.org/cgi-bin/carddisp.pl?gene=F2"
"GLA","Galactosidase Alpha","Protein Coding","P06280","62","GC0XM101393","11.7150440216064","https://www.genecards.org/cgi-bin/carddisp.pl?gene=GLA"
"EGFR","Epidermal Growth Factor Receptor","Protein Coding","P00533","68","GC07P055019","11.6490697860718","https://www.genecards.org/cgi-bin/carddisp.pl?gene=EGFR"
"H19","H19 Imprinted Maternally Expressed Transcript","RNA Gene","","36","GC11M001995","11.5621976852417","https://www.genecards.org/cgi-bin/carddisp.pl?gene=H19"
"TGFB1","Transforming Growth Factor Beta 1","Protein Coding","P01137","65","GC19M041301","11.5229215621948","https://www.genecards.org/cgi-bin/carddisp.pl?gene=TGFB1"
"KRAS","KRAS Proto-Oncogene, GTPase","Protein Coding","P01116","66","GC12M033285","11.5182609558105","https://www.genecards.org/cgi-bin/carddisp.pl?gene=KRAS"
"MIR7-3HG","MIR7-3 Host Gene","RNA Gene","Q8N6C7","34","GC19P132003","11.4839401245117","https://www.genecards.org/cgi-bin/carddisp.pl?gene=MIR7-3HG"
"G6PC1","Glucose-6-Phosphatase Catalytic Subunit 1","Protein Coding","P35575","56","GC17P135176","11.4736289978027","https://www.genecards.org/cgi-bin/carddisp.pl?gene=G6PC1"
"BTD","Biotinidase","Protein Coding","P43251","58","GC03P024338","11.4176578521729","https://www.genecards.org/cgi-bin/carddisp.pl?gene=BTD"
"RYR1","Ryanodine Receptor 1","Protein Coding","P21817","61","GC19P132993","11.3569231033325","https://www.genecards.org/cgi-bin/carddisp.pl?gene=RYR1"
"SUCLG1","Succinate-CoA Ligase GDP/ADP-Forming Subunit Alpha","Protein Coding","P53597","57","GC02M084423","11.3566112518311","https://www.genecards.org/cgi-bin/carddisp.pl?gene=SUCLG1"
"AMPD1","Adenosine Monophosphate Deaminase 1","Protein Coding","P23109","58","GC01M114673","11.2682075500488","https://www.genecards.org/cgi-bin/carddisp.pl?gene=AMPD1"
"CXCL8","C-X-C Motif Chemokine Ligand 8","Protein Coding","P10145","56","GC04P073740","11.1880435943604","https://www.genecards.org/cgi-bin/carddisp.pl?gene=CXCL8"
"NOS2","Nitric Oxide Synthase 2","Protein Coding","P35228","62","GC17M027756","11.1796493530273","https://www.genecards.org/cgi-bin/carddisp.pl?gene=NOS2"
"BCS1L","BCS1 Homolog, Ubiquinol-Cytochrome C Reductase Complex Chaperone","Protein Coding","Q9Y276","56","GC02P218658","11.1276626586914","https://www.genecards.org/cgi-bin/carddisp.pl?gene=BCS1L"
"POLG","DNA Polymerase Gamma, Catalytic Subunit","Protein Coding","P54098","60","GC15M156028","11.0705213546753","https://www.genecards.org/cgi-bin/carddisp.pl?gene=POLG"
"HSPD1","Heat Shock Protein Family D (Hsp60) Member 1","Protein Coding","P10809","61","GC02M197486","11.031608581543","https://www.genecards.org/cgi-bin/carddisp.pl?gene=HSPD1"
"SOD2-OT1","SOD2 Overlapping Transcript 1","RNA Gene","","20","GC06M159772","10.9985990524292","https://www.genecards.org/cgi-bin/carddisp.pl?gene=SOD2-OT1"
"MTOR","Mechanistic Target Of Rapamycin Kinase","Protein Coding","P42345","68","GC01M011106","10.9942770004272","https://www.genecards.org/cgi-bin/carddisp.pl?gene=MTOR"
"NR3C1","Nuclear Receptor Subfamily 3 Group C Member 1","Protein Coding","P04150","62","GC05M143277","10.9000768661499","https://www.genecards.org/cgi-bin/carddisp.pl?gene=NR3C1"
"GLS2","Glutaminase 2","Protein Coding","Q9UI32","53","GC12M056470","10.8553972244263","https://www.genecards.org/cgi-bin/carddisp.pl?gene=GLS2"
"CHAT","Choline O-Acetyltransferase","Protein Coding","P28329","61","GC10P049609","10.8551082611084","https://www.genecards.org/cgi-bin/carddisp.pl?gene=CHAT"
"GPT","Glutamic--Pyruvic Transaminase","Protein Coding","P24298","54","GC08P144502","10.7348251342773","https://www.genecards.org/cgi-bin/carddisp.pl?gene=GPT"
"ACAD9","Acyl-CoA Dehydrogenase Family Member 9","Protein Coding","Q9H845","56","GC03P140883","10.6593151092529","https://www.genecards.org/cgi-bin/carddisp.pl?gene=ACAD9"
"BAG3","BAG Cochaperone 3","Protein Coding","O95817","55","GC10P119651","10.5881700515747","https://www.genecards.org/cgi-bin/carddisp.pl?gene=BAG3"
"ASNS","Asparagine Synthetase (Glutamine-Hydrolyzing)","Protein Coding","P08243","59","GC07M097854","10.5816249847412","https://www.genecards.org/cgi-bin/carddisp.pl?gene=ASNS"
"UMPS","Uridine Monophosphate Synthetase","Protein Coding","P11172","58","GC03P124730","10.3700637817383","https://www.genecards.org/cgi-bin/carddisp.pl?gene=UMPS"
"DBT","Dihydrolipoamide Branched Chain Transacylase E2","Protein Coding","P11182","55","GC01M100186","10.3261737823486","https://www.genecards.org/cgi-bin/carddisp.pl?gene=DBT"
"LDLR","Low Density Lipoprotein Receptor","Protein Coding","P01130","64","GC19P132305","10.3163576126099","https://www.genecards.org/cgi-bin/carddisp.pl?gene=LDLR"
"DPYD","Dihydropyrimidine Dehydrogenase","Protein Coding","Q12882","64","GC01M097015","10.3102970123291","https://www.genecards.org/cgi-bin/carddisp.pl?gene=DPYD"
"CREB1","CAMP Responsive Element Binding Protein 1","Protein Coding","P16220","62","GC02P207529","10.2530307769775","https://www.genecards.org/cgi-bin/carddisp.pl?gene=CREB1"
"GLUD2","Glutamate Dehydrogenase 2","Protein Coding","P49448","53","GC0XP121047","10.1862697601318","https://www.genecards.org/cgi-bin/carddisp.pl?gene=GLUD2"
"CTPS1","CTP Synthase 1","Protein Coding","P17812","58","GC01P040979","10.1730871200562","https://www.genecards.org/cgi-bin/carddisp.pl?gene=CTPS1"
"DDIT3","DNA Damage Inducible Transcript 3","Protein Coding","P35638","59","GC12M057516","10.171236038208","https://www.genecards.org/cgi-bin/carddisp.pl?gene=DDIT3"
"MAPK3","Mitogen-Activated Protein Kinase 3","Protein Coding","P27361","62","GC16M045720","10.1669044494629","https://www.genecards.org/cgi-bin/carddisp.pl?gene=MAPK3"
"BECN1","Beclin 1","Protein Coding","Q14457","59","GC17M042810","10.129355430603","https://www.genecards.org/cgi-bin/carddisp.pl?gene=BECN1"
"MAPK10","Mitogen-Activated Protein Kinase 10","Protein Coding","P53779","60","GC04M085990","10.1213245391846","https://www.genecards.org/cgi-bin/carddisp.pl?gene=MAPK10"
"AMPD3","Adenosine Monophosphate Deaminase 3","Protein Coding","Q01432","55","GC11P014574","10.1003704071045","https://www.genecards.org/cgi-bin/carddisp.pl?gene=AMPD3"
"EMSLR","E2F1 MRNA Stabilizing LncRNA","RNA Gene","","20","GC07P108819","9.9852123260498","https://www.genecards.org/cgi-bin/carddisp.pl?gene=EMSLR"
"CRP","C-Reactive Protein","Protein Coding","P02741","58","GC01M165279","9.93775653839111","https://www.genecards.org/cgi-bin/carddisp.pl?gene=CRP"
"MT-ATP6","Mitochondrially Encoded ATP Synthase Membrane Subunit 6","Protein Coding","P00846","43","GCMTP008531","9.93215465545654","https://www.genecards.org/cgi-bin/carddisp.pl?gene=MT-ATP6"
"CRYAB","Crystallin Alpha B","Protein Coding","P02511","58","GC11M111908","9.93030071258545","https://www.genecards.org/cgi-bin/carddisp.pl?gene=CRYAB"
"NOS3","Nitric Oxide Synthase 3","Protein Coding","P29474","62","GC07P161731","9.91207504272461","https://www.genecards.org/cgi-bin/carddisp.pl?gene=NOS3"
"MALAT1","Metastasis Associated Lung Adenocarcinoma Transcript 1","RNA Gene","","33","GC11P098972","9.90661525726318","https://www.genecards.org/cgi-bin/carddisp.pl?gene=MALAT1"
"HCFC1","Host Cell Factor C1","Protein Coding","P51610","59","GC0XM153947","9.87966156005859","https://www.genecards.org/cgi-bin/carddisp.pl?gene=HCFC1"
"ELN","Elastin","Protein Coding","P15502","55","GC07P074027","9.87529754638672","https://www.genecards.org/cgi-bin/carddisp.pl?gene=ELN"
"ECHS1","Enoyl-CoA Hydratase, Short Chain 1","Protein Coding","P30084","58","GC10M133362","9.86814117431641","https://www.genecards.org/cgi-bin/carddisp.pl?gene=ECHS1"
"HMBS","Hydroxymethylbilane Synthase","Protein Coding","P08397","57","GC11P119084","9.82479572296143","https://www.genecards.org/cgi-bin/carddisp.pl?gene=HMBS"
"NBAS","NBAS Subunit Of NRZ Tethering Complex","Protein Coding","A2RRP1","52","GC02M014800","9.77294921875","https://www.genecards.org/cgi-bin/carddisp.pl?gene=NBAS"
"ATP5F1A","ATP Synthase F1 Subunit Alpha","Protein Coding","P25705","59","GC18M046081","9.74133396148682","https://www.genecards.org/cgi-bin/carddisp.pl?gene=ATP5F1A"
"MAP2","Microtubule Associated Protein 2","Protein Coding","P11137","57","GC02P209424","9.72740650177002","https://www.genecards.org/cgi-bin/carddisp.pl?gene=MAP2"
"PYGM","Glycogen Phosphorylase, Muscle Associated","Protein Coding","P11217","59","GC11M064746","9.725417137146","https://www.genecards.org/cgi-bin/carddisp.pl?gene=PYGM"
"PRKCD","Protein Kinase C Delta","Protein Coding","Q05655","65","GC03P053156","9.69145488739014","https://www.genecards.org/cgi-bin/carddisp.pl?gene=PRKCD"
"LOX","Lysyl Oxidase","Protein Coding","P28300","60","GC05M122063","9.68955421447754","https://www.genecards.org/cgi-bin/carddisp.pl?gene=LOX"
"ACADSB","Acyl-CoA Dehydrogenase Short/Branched Chain","Protein Coding","P45954","57","GC10P123008","9.67087841033936","https://www.genecards.org/cgi-bin/carddisp.pl?gene=ACADSB"
"ADSL","Adenylosuccinate Lyase","Protein Coding","P30566","59","GC22P040346","9.66307830810547","https://www.genecards.org/cgi-bin/carddisp.pl?gene=ADSL"
"MT-CYB","Mitochondrially Encoded Cytochrome B","Protein Coding","P00156","44","GCMTP014749","9.63072490692139","https://www.genecards.org/cgi-bin/carddisp.pl?gene=MT-CYB"
"NPC1","NPC Intracellular Cholesterol Transporter 1","Protein Coding","O15118","62","GC18M023506","9.57501888275146","https://www.genecards.org/cgi-bin/carddisp.pl?gene=NPC1"
"NFE2L2","NFE2 Like BZIP Transcription Factor 2","Protein Coding","Q16236","63","GC02M177227","9.55628108978271","https://www.genecards.org/cgi-bin/carddisp.pl?gene=NFE2L2"
"DNAH8","Dynein Axonemal Heavy Chain 8","Protein Coding","Q96JB1","50","GC06P156466","9.51419544219971","https://www.genecards.org/cgi-bin/carddisp.pl?gene=DNAH8"
"MMADHC","Metabolism Of Cobalamin Associated D","Protein Coding","Q9H3L0","55","GC02M149569","9.45183753967285","https://www.genecards.org/cgi-bin/carddisp.pl?gene=MMADHC"
"FOXO3","Forkhead Box O3","Protein Coding","O43524","60","GC06P108559","9.44890880584717","https://www.genecards.org/cgi-bin/carddisp.pl?gene=FOXO3"
"GAMT","Guanidinoacetate N-Methyltransferase","Protein Coding","Q14353","59","GC19M001397","9.37031269073486","https://www.genecards.org/cgi-bin/carddisp.pl?gene=GAMT"
"BRCA1","BRCA1 DNA Repair Associated","Protein Coding","P38398","63","GC17M043044","9.32498836517334","https://www.genecards.org/cgi-bin/carddisp.pl?gene=BRCA1"
"SLC2A1","Solute Carrier Family 2 Member 1","Protein Coding","P11166","66","GC01M042925","9.30033588409424","https://www.genecards.org/cgi-bin/carddisp.pl?gene=SLC2A1"
"VCP","Valosin Containing Protein","Protein Coding","P55072","62","GC09M035431","9.23451328277588","https://www.genecards.org/cgi-bin/carddisp.pl?gene=VCP"
"YWHAG","Tyrosine 3-Monooxygenase/Tryptophan 5-Monooxygenase Activation Protein Gamma","Protein Coding","P61981","61","GC07M079217","9.14687919616699","https://www.genecards.org/cgi-bin/carddisp.pl?gene=YWHAG"
"SLC1A3","Solute Carrier Family 1 Member 3","Protein Coding","P43003","62","GC05P036712","9.11970710754395","https://www.genecards.org/cgi-bin/carddisp.pl?gene=SLC1A3"
"LINC02605","Long Intergenic Non-Protein Coding RNA 2605","RNA Gene","","22","GC08P078838","9.11870765686035","https://www.genecards.org/cgi-bin/carddisp.pl?gene=LINC02605"
"YWHAB","Tyrosine 3-Monooxygenase/Tryptophan 5-Monooxygenase Activation Protein Beta","Protein Coding","P31946","59","GC20P044885","9.11256980895996","https://www.genecards.org/cgi-bin/carddisp.pl?gene=YWHAB"
"FHIT","Fragile Histidine Triad Diadenosine Triphosphatase","Protein Coding","P49789","55","GC03M059747","9.03872776031494","https://www.genecards.org/cgi-bin/carddisp.pl?gene=FHIT"
"HDAC9","Histone Deacetylase 9","Protein Coding","Q9UKV0","63","GC07P018086","9.00268936157227","https://www.genecards.org/cgi-bin/carddisp.pl?gene=HDAC9"
"AOC3","Amine Oxidase Copper Containing 3","Protein Coding","Q16853","58","GC17P042851","8.9905891418457","https://www.genecards.org/cgi-bin/carddisp.pl?gene=AOC3"
"HSPA5","Heat Shock Protein Family A (Hsp70) Member 5","Protein Coding","P11021","61","GC09M125234","8.92351245880127","https://www.genecards.org/cgi-bin/carddisp.pl?gene=HSPA5"
"GMPS","Guanine Monophosphate Synthase","Protein Coding","P49915","55","GC03P155870","8.89932155609131","https://www.genecards.org/cgi-bin/carddisp.pl?gene=GMPS"
"PYY","Peptide YY","Protein Coding","P10082","55","GC17M043952","8.88832664489746","https://www.genecards.org/cgi-bin/carddisp.pl?gene=PYY"
"UPB1","Beta-Ureidopropionase 1","Protein Coding","Q9UBR1","58","GC22P024494","8.83710384368896","https://www.genecards.org/cgi-bin/carddisp.pl?gene=UPB1"
"HMGCS2","3-Hydroxy-3-Methylglutaryl-CoA Synthase 2","Protein Coding","P54868","58","GC01M119747","8.81268405914307","https://www.genecards.org/cgi-bin/carddisp.pl?gene=HMGCS2"
"CCND1","Cyclin D1","Protein Coding","P24385","66","GC11P069641","8.79334259033203","https://www.genecards.org/cgi-bin/carddisp.pl?gene=CCND1"
"OCRL","OCRL Inositol Polyphosphate-5-Phosphatase","Protein Coding","Q01968","56","GC0XP129539","8.78158378601074","https://www.genecards.org/cgi-bin/carddisp.pl?gene=OCRL"
"EIF2AK3","Eukaryotic Translation Initiation Factor 2 Alpha Kinase 3","Protein Coding","Q9NZJ5","63","GC02M088556","8.7640266418457","https://www.genecards.org/cgi-bin/carddisp.pl?gene=EIF2AK3"
"AQP8","Aquaporin 8","Protein Coding","O94778","48","GC16P104676","8.75483989715576","https://www.genecards.org/cgi-bin/carddisp.pl?gene=AQP8"
"CTH","Cystathionine Gamma-Lyase","Protein Coding","P32929","61","GC01P070411","8.74155712127686","https://www.genecards.org/cgi-bin/carddisp.pl?gene=CTH"
"F5","Coagulation Factor V","Protein Coding","P12259","59","GC01M169511","8.70086860656738","https://www.genecards.org/cgi-bin/carddisp.pl?gene=F5"
"GOT2","Glutamic-Oxaloacetic Transaminase 2","Protein Coding","P00505","60","GC16M058707","8.69977569580078","https://www.genecards.org/cgi-bin/carddisp.pl?gene=GOT2"
"CFTR","CF Transmembrane Conductance Regulator","Protein Coding","P13569","66","GC07P117287","8.67783355712891","https://www.genecards.org/cgi-bin/carddisp.pl?gene=CFTR"
"TGM2","Transglutaminase 2","Protein Coding","P21980","60","GC20M038127","8.6771879196167","https://www.genecards.org/cgi-bin/carddisp.pl?gene=TGM2"
"C4A","Complement C4A (Chido/Rodgers Blood Group)","Protein Coding","P0C0L4","56","GC06P156266","8.67125511169434","https://www.genecards.org/cgi-bin/carddisp.pl?gene=C4A"
"PRKACA","Protein Kinase CAMP-Activated Catalytic Subunit Alpha","Protein Coding","P17612","66","GC19M100419","8.66454601287842","https://www.genecards.org/cgi-bin/carddisp.pl?gene=PRKACA"
"MED23","Mediator Complex Subunit 23","Protein Coding","Q9ULK4","55","GC06M131573","8.65644836425781","https://www.genecards.org/cgi-bin/carddisp.pl?gene=MED23"
"F13A1","Coagulation Factor XIII A Chain","Protein Coding","P00488","59","GC06M006144","8.64072799682617","https://www.genecards.org/cgi-bin/carddisp.pl?gene=F13A1"
"GCDH","Glutaryl-CoA Dehydrogenase","Protein Coding","Q92947","58","GC19P012891","8.61848258972168","https://www.genecards.org/cgi-bin/carddisp.pl?gene=GCDH"
"HSPA4","Heat Shock Protein Family A (Hsp70) Member 4","Protein Coding","P34932","55","GC05P133097","8.59535694122314","https://www.genecards.org/cgi-bin/carddisp.pl?gene=HSPA4"
"CTPS2","CTP Synthase 2","Protein Coding","Q9NRF8","47","GC0XM016587","8.58055973052979","https://www.genecards.org/cgi-bin/carddisp.pl?gene=CTPS2"
"AQP4","Aquaporin 4","Protein Coding","P55087","58","GC18M026852","8.57019805908203","https://www.genecards.org/cgi-bin/carddisp.pl?gene=AQP4"
"GAA","Alpha Glucosidase","Protein Coding","P10253","63","GC17P080101","8.40690612792969","https://www.genecards.org/cgi-bin/carddisp.pl?gene=GAA"
"SLC19A3","Solute Carrier Family 19 Member 3","Protein Coding","Q9BZV2","58","GC02M227685","8.35848045349121","https://www.genecards.org/cgi-bin/carddisp.pl?gene=SLC19A3"
"SLC9A3","Solute Carrier Family 9 Member A3","Protein Coding","P48764","59","GC05M000472","8.33056831359863","https://www.genecards.org/cgi-bin/carddisp.pl?gene=SLC9A3"
"MAOB","Monoamine Oxidase B","Protein Coding","P27338","56","GC0XM043766","8.29146957397461","https://www.genecards.org/cgi-bin/carddisp.pl?gene=MAOB"
"MPV17","Mitochondrial Inner Membrane Protein MPV17","Protein Coding","P39210","53","GC02M027309","8.25827407836914","https://www.genecards.org/cgi-bin/carddisp.pl?gene=MPV17"
"HSP90AA1","Heat Shock Protein 90 Alpha Family Class A Member 1","Protein Coding","P07900","64","GC14M102080","8.25255680084229","https://www.genecards.org/cgi-bin/carddisp.pl?gene=HSP90AA1"
"STK11","Serine/Threonine Kinase 11","Protein Coding","Q15831","63","GC19P001177","8.2324914932251","https://www.genecards.org/cgi-bin/carddisp.pl?gene=STK11"
"ACAD8","Acyl-CoA Dehydrogenase Family Member 8","Protein Coding","Q9UKU7","55","GC11P134253","8.22500801086426","https://www.genecards.org/cgi-bin/carddisp.pl?gene=ACAD8"
"PPARG","Peroxisome Proliferator Activated Receptor Gamma","Protein Coding","P37231","65","GC03P012287","8.19556427001953","https://www.genecards.org/cgi-bin/carddisp.pl?gene=PPARG"
"TSPO","Translocator Protein","Protein Coding","B1AH88","57","GC22P043151","8.19010639190674","https://www.genecards.org/cgi-bin/carddisp.pl?gene=TSPO"
"LOC126861898","BRD4-Independent Group 4 Enhancer GRCh37_chr14:23893609-23894808","Functional Element","","9","GC14P052820","8.18739128112793","https://www.genecards.org/cgi-bin/carddisp.pl?gene=LOC126861898"
"ACTB","Actin Beta","Protein Coding","P60709","63","GC07M005726","8.17994403839111","https://www.genecards.org/cgi-bin/carddisp.pl?gene=ACTB"
"NPC2","NPC Intracellular Cholesterol Transporter 2","Protein Coding","P61916","56","GC14M074476","8.15185928344727","https://www.genecards.org/cgi-bin/carddisp.pl?gene=NPC2"
"PIK3R1","Phosphoinositide-3-Kinase Regulatory Subunit 1","Protein Coding","P27986","65","GC05P068215","8.13524532318115","https://www.genecards.org/cgi-bin/carddisp.pl?gene=PIK3R1"
"SMN1","Survival Of Motor Neuron 1, Telomeric","Protein Coding","Q16637","53","GC05P070924","8.1206169128418","https://www.genecards.org/cgi-bin/carddisp.pl?gene=SMN1"
"SCARNA5","Small Cajal Body-Specific RNA 5","RNA Gene","","28","GC02P233275","8.11057949066162","https://www.genecards.org/cgi-bin/carddisp.pl?gene=SCARNA5"
"SLC1A2","Solute Carrier Family 1 Member 2","Protein Coding","P43004","62","GC11M035267","8.0687198638916","https://www.genecards.org/cgi-bin/carddisp.pl?gene=SLC1A2"
"IL13","Interleukin 13","Protein Coding","P35225","56","GC05P132656","8.0489616394043","https://www.genecards.org/cgi-bin/carddisp.pl?gene=IL13"
"IL18","Interleukin 18","Protein Coding","Q14116","56","GC11M112143","8.04576587677002","https://www.genecards.org/cgi-bin/carddisp.pl?gene=IL18"
"PPARA","Peroxisome Proliferator Activated Receptor Alpha","Protein Coding","Q07869","56","GC22P046150","8.03640651702881","https://www.genecards.org/cgi-bin/carddisp.pl?gene=PPARA"
"SERPINE1","Serpin Family E Member 1","Protein Coding","P05121","63","GC07P101127","8.03303813934326","https://www.genecards.org/cgi-bin/carddisp.pl?gene=SERPINE1"
"PCSK9","Proprotein Convertase Subtilisin/Kexin Type 9","Protein Coding","Q8NBP7","62","GC01P055039","8.00312232971191","https://www.genecards.org/cgi-bin/carddisp.pl?gene=PCSK9"
"ACADL","Acyl-CoA Dehydrogenase Long Chain","Protein Coding","P28330","53","GC02M210187","7.96751403808594","https://www.genecards.org/cgi-bin/carddisp.pl?gene=ACADL"
"SLC17A5","Solute Carrier Family 17 Member 5","Protein Coding","Q9NRA2","57","GC06M073593","7.94739055633545","https://www.genecards.org/cgi-bin/carddisp.pl?gene=SLC17A5"
"FGF2","Fibroblast Growth Factor 2","Protein Coding","P09038","58","GC04P122826","7.92914390563965","https://www.genecards.org/cgi-bin/carddisp.pl?gene=FGF2"
"IGF1","Insulin Like Growth Factor 1","Protein Coding","P05019","61","GC12M102395","7.92262649536133","https://www.genecards.org/cgi-bin/carddisp.pl?gene=IGF1"
"ATP1A3","ATPase Na+/K+ Transporting Subunit Alpha 3","Protein Coding","P13637","61","GC19M041966","7.9205322265625","https://www.genecards.org/cgi-bin/carddisp.pl?gene=ATP1A3"
"CDK1","Cyclin Dependent Kinase 1","Protein Coding","P06493","61","GC10P060772","7.88785552978516","https://www.genecards.org/cgi-bin/carddisp.pl?gene=CDK1"
"EGF","Epidermal Growth Factor","Protein Coding","P01133","64","GC04P109912","7.87973165512085","https://www.genecards.org/cgi-bin/carddisp.pl?gene=EGF"
"HSPB1","Heat Shock Protein Family B (Small) Member 1","Protein Coding","P04792","64","GC07P076302","7.84675741195679","https://www.genecards.org/cgi-bin/carddisp.pl?gene=HSPB1"
"AKT2","AKT Serine/Threonine Kinase 2","Protein Coding","P31751","66","GC19M040230","7.80734252929688","https://www.genecards.org/cgi-bin/carddisp.pl?gene=AKT2"
"CDH1","Cadherin 1","Protein Coding","P12830","62","GC16P068737","7.79279804229736","https://www.genecards.org/cgi-bin/carddisp.pl?gene=CDH1"
"APC","APC Regulator Of WNT Signaling Pathway","Protein Coding","P25054","62","GC05P112707","7.79114532470703","https://www.genecards.org/cgi-bin/carddisp.pl?gene=APC"
"ADCYAP1","Adenylate Cyclase Activating Polypeptide 1","Protein Coding","P18509","54","GC18P000895","7.78345108032227","https://www.genecards.org/cgi-bin/carddisp.pl?gene=ADCYAP1"
"SNORD118","Small Nucleolar RNA, C/D Box 118","RNA Gene","","28","GC17M088330","7.75780153274536","https://www.genecards.org/cgi-bin/carddisp.pl?gene=SNORD118"
"NPPA","Natriuretic Peptide A","Protein Coding","P01160","57","GC01M019842","7.75199508666992","https://www.genecards.org/cgi-bin/carddisp.pl?gene=NPPA"
"SURF1","SURF1 Cytochrome C Oxidase Assembly Factor","Protein Coding","Q15526","54","GC09M133351","7.72278833389282","https://www.genecards.org/cgi-bin/carddisp.pl?gene=SURF1"
"HTR2A","5-Hydroxytryptamine Receptor 2A","Protein Coding","P28223","60","GC13M046831","7.70848751068115","https://www.genecards.org/cgi-bin/carddisp.pl?gene=HTR2A"
"ABCB11","ATP Binding Cassette Subfamily B Member 11","Protein Coding","O95342","59","GC02M168922","7.70772695541382","https://www.genecards.org/cgi-bin/carddisp.pl?gene=ABCB11"
"ABCA3","ATP Binding Cassette Subfamily A Member 3","Protein Coding","Q99758","61","GC16M002275","7.69176769256592","https://www.genecards.org/cgi-bin/carddisp.pl?gene=ABCA3"
"GJB2","Gap Junction Protein Beta 2","Protein Coding","P29033","58","GC13M020187","7.64973831176758","https://www.genecards.org/cgi-bin/carddisp.pl?gene=GJB2"
"SMAD5-AS1","SMAD5 Antisense RNA 1","RNA Gene","Q9Y6J3","30","GC05M136129","7.64783143997192","https://www.genecards.org/cgi-bin/carddisp.pl?gene=SMAD5-AS1"
"TGM1","Transglutaminase 1","Protein Coding","P22735","58","GC14M024249","7.61113929748535","https://www.genecards.org/cgi-bin/carddisp.pl?gene=TGM1"
"FBXL4","F-Box And Leucine Rich Repeat Protein 4","Protein Coding","Q9UKA2","51","GC06M098868","7.60685443878174","https://www.genecards.org/cgi-bin/carddisp.pl?gene=FBXL4"
"CST3","Cystatin C","Protein Coding","P01034","56","GC20M024131","7.5686559677124","https://www.genecards.org/cgi-bin/carddisp.pl?gene=CST3"
"CDKN3","Cyclin Dependent Kinase Inhibitor 3","Protein Coding","Q16667","53","GC14P054417","7.56588935852051","https://www.genecards.org/cgi-bin/carddisp.pl?gene=CDKN3"
"HSPA8","Heat Shock Protein Family A (Hsp70) Member 8","Protein Coding","P11142","62","GC11M123057","7.55397081375122","https://www.genecards.org/cgi-bin/carddisp.pl?gene=HSPA8"
"MSH6","MutS Homolog 6","Protein Coding","P52701","61","GC02P047695","7.54321575164795","https://www.genecards.org/cgi-bin/carddisp.pl?gene=MSH6"
"EIF2AK2","Eukaryotic Translation Initiation Factor 2 Alpha Kinase 2","Protein Coding","P19525","62","GC02M037099","7.53175449371338","https://www.genecards.org/cgi-bin/carddisp.pl?gene=EIF2AK2"
"IDUA","Alpha-L-Iduronidase","Protein Coding","P35475","58","GC04P000986","7.52461242675781","https://www.genecards.org/cgi-bin/carddisp.pl?gene=IDUA"
"NR1H4","Nuclear Receptor Subfamily 1 Group H Member 4","Protein Coding","Q96RI1","60","GC12P100473","7.5051441192627","https://www.genecards.org/cgi-bin/carddisp.pl?gene=NR1H4"
"RMRP","RNA Component Of Mitochondrial RNA Processing Endoribonuclease","RNA Gene","","33","GC09M035655","7.48434162139893","https://www.genecards.org/cgi-bin/carddisp.pl?gene=RMRP"
"DNAJC19","DnaJ Heat Shock Protein Family (Hsp40) Member C19","Protein Coding","Q96DA6","53","GC03M180983","7.46631622314453","https://www.genecards.org/cgi-bin/carddisp.pl?gene=DNAJC19"
"SDHA","Succinate Dehydrogenase Complex Flavoprotein Subunit A","Protein Coding","P31040","61","GC05P000235","7.45120334625244","https://www.genecards.org/cgi-bin/carddisp.pl?gene=SDHA"
"IL2","Interleukin 2","Protein Coding","P60568","58","GC04M122451","7.41699695587158","https://www.genecards.org/cgi-bin/carddisp.pl?gene=IL2"
"SLC6A8","Solute Carrier Family 6 Member 8","Protein Coding","P48029","59","GC0XP153750","7.41096115112305","https://www.genecards.org/cgi-bin/carddisp.pl?gene=SLC6A8"
"FAH","Fumarylacetoacetate Hydrolase","Protein Coding","P16930","59","GC15P080152","7.37881660461426","https://www.genecards.org/cgi-bin/carddisp.pl?gene=FAH"
"SPTAN1","Spectrin Alpha, Non-Erythrocytic 1","Protein Coding","Q13813","61","GC09P128552","7.36252212524414","https://www.genecards.org/cgi-bin/carddisp.pl?gene=SPTAN1"
"NOS1","Nitric Oxide Synthase 1","Protein Coding","P29475","62","GC12M117208","7.35120820999146","https://www.genecards.org/cgi-bin/carddisp.pl?gene=NOS1"
"PMM2","Phosphomannomutase 2","Protein Coding","O15305","58","GC16P008788","7.34277725219727","https://www.genecards.org/cgi-bin/carddisp.pl?gene=PMM2"
"DAO","D-Amino Acid Oxidase","Protein Coding","P14920","58","GC12P108881","7.31809425354004","https://www.genecards.org/cgi-bin/carddisp.pl?gene=DAO"
"PNPO","Pyridoxamine 5'-Phosphate Oxidase","Protein Coding","Q9NVS9","58","GC17P047941","7.31733226776123","https://www.genecards.org/cgi-bin/carddisp.pl?gene=PNPO"
"TSFM","Ts Translation Elongation Factor, Mitochondrial","Protein Coding","P43897","55","GC12P057782","7.26659631729126","https://www.genecards.org/cgi-bin/carddisp.pl?gene=TSFM"
"RPS27A","Ribosomal Protein S27a","Protein Coding","P62979","55","GC02P055231","7.26635408401489","https://www.genecards.org/cgi-bin/carddisp.pl?gene=RPS27A"
"PEX1","Peroxisomal Biogenesis Factor 1","Protein Coding","O43933","57","GC07M092487","7.25299644470215","https://www.genecards.org/cgi-bin/carddisp.pl?gene=PEX1"
"NPPB","Natriuretic Peptide B","Protein Coding","P16860","55","GC01M019843","7.21125221252441","https://www.genecards.org/cgi-bin/carddisp.pl?gene=NPPB"
"ABCC6","ATP Binding Cassette Subfamily C Member 6","Protein Coding","O95255","59","GC16M027507","7.18983554840088","https://www.genecards.org/cgi-bin/carddisp.pl?gene=ABCC6"
"DGUOK","Deoxyguanosine Kinase","Protein Coding","Q16854","55","GC02P073926","7.17385768890381","https://www.genecards.org/cgi-bin/carddisp.pl?gene=DGUOK"
"CP","Ceruloplasmin","Protein Coding","P00450","61","GC03M149162","7.16730117797852","https://www.genecards.org/cgi-bin/carddisp.pl?gene=CP"
"AVP","Arginine Vasopressin","Protein Coding","P01185","57","GC20M003082","7.15916633605957","https://www.genecards.org/cgi-bin/carddisp.pl?gene=AVP"
"DDC","Dopa Decarboxylase","Protein Coding","P20711","63","GC07M050458","7.14163255691528","https://www.genecards.org/cgi-bin/carddisp.pl?gene=DDC"
"SST","Somatostatin","Protein Coding","P61278","52","GC03M187668","7.13506412506104","https://www.genecards.org/cgi-bin/carddisp.pl?gene=SST"
"HGF","Hepatocyte Growth Factor","Protein Coding","P14210","65","GC07M081699","7.12948703765869","https://www.genecards.org/cgi-bin/carddisp.pl?gene=HGF"
"MT-RNR2","Mitochondrially Encoded 16S RRNA","RNA Gene","Q8IVG9","31","GCMTP000953","7.10551023483276","https://www.genecards.org/cgi-bin/carddisp.pl?gene=MT-RNR2"
"APOA1","Apolipoprotein A1","Protein Coding","P02647","63","GC11M116835","7.10452651977539","https://www.genecards.org/cgi-bin/carddisp.pl?gene=APOA1"
"NFKBIA","NFKB Inhibitor Alpha","Protein Coding","P25963","63","GC14M035401","7.06474685668945","https://www.genecards.org/cgi-bin/carddisp.pl?gene=NFKBIA"
"ICAM1","Intercellular Adhesion Molecule 1","Protein Coding","P05362","63","GC19P132284","7.06436204910278","https://www.genecards.org/cgi-bin/carddisp.pl?gene=ICAM1"
"SDHB","Succinate Dehydrogenase Complex Iron Sulfur Subunit B","Protein Coding","P21912","61","GC01M020330","7.0617504119873","https://www.genecards.org/cgi-bin/carddisp.pl?gene=SDHB"
"VIM","Vimentin","Protein Coding","P08670","63","GC10P017227","7.03982496261597","https://www.genecards.org/cgi-bin/carddisp.pl?gene=VIM"
"SERPINA1","Serpin Family A Member 1","Protein Coding","P01009","62","GC14M094376","7.02693748474121","https://www.genecards.org/cgi-bin/carddisp.pl?gene=SERPINA1"
"CD4","CD4 Molecule","Protein Coding","P01730","63","GC12P006786","7.02439260482788","https://www.genecards.org/cgi-bin/carddisp.pl?gene=CD4"
"TRAF6","TNF Receptor Associated Factor 6","Protein Coding","Q9Y4K3","59","GC11M036467","7.02066040039063","https://www.genecards.org/cgi-bin/carddisp.pl?gene=TRAF6"
"FGFR2","Fibroblast Growth Factor Receptor 2","Protein Coding","P21802","68","GC10M121478","7.0014123916626","https://www.genecards.org/cgi-bin/carddisp.pl?gene=FGFR2"
"ANK3","Ankyrin 3","Protein Coding","Q12955","56","GC10M060026","6.98899841308594","https://www.genecards.org/cgi-bin/carddisp.pl?gene=ANK3"
"FTCD","Formimidoyltransferase Cyclodeaminase","Protein Coding","O95954","53","GC21M054260","6.98410797119141","https://www.genecards.org/cgi-bin/carddisp.pl?gene=FTCD"
"PRKG1","Protein Kinase CGMP-Dependent 1","Protein Coding","Q13976","63","GC10P051005","6.97245121002197","https://www.genecards.org/cgi-bin/carddisp.pl?gene=PRKG1"
"DHX37","DEAH-Box Helicase 37","Protein Coding","Q8IY37","47","GC12M124946","6.96362924575806","https://www.genecards.org/cgi-bin/carddisp.pl?gene=DHX37"
"F9","Coagulation Factor IX","Protein Coding","P00740","60","GC0XP139530","6.96306610107422","https://www.genecards.org/cgi-bin/carddisp.pl?gene=F9"
"HLA-B","Major Histocompatibility Complex, Class I, B","Protein Coding","P01889","59","GC06M100255","6.95513486862183","https://www.genecards.org/cgi-bin/carddisp.pl?gene=HLA-B"
"EPO","Erythropoietin","Protein Coding","P01588","55","GC07P100720","6.95489597320557","https://www.genecards.org/cgi-bin/carddisp.pl?gene=EPO"
"ABCB1","ATP Binding Cassette Subfamily B Member 1","Protein Coding","P08183","64","GC07M087504","6.94871187210083","https://www.genecards.org/cgi-bin/carddisp.pl?gene=ABCB1"
"KCNJ11","Potassium Inwardly Rectifying Channel Subfamily J Member 11","Protein Coding","Q14654","58","GC11M018031","6.93267679214478","https://www.genecards.org/cgi-bin/carddisp.pl?gene=KCNJ11"
"CHEK2","Checkpoint Kinase 2","Protein Coding","O96017","67","GC22M028687","6.93006896972656","https://www.genecards.org/cgi-bin/carddisp.pl?gene=CHEK2"
"NDUFV1","NADH:Ubiquinone Oxidoreductase Core Subunit V1","Protein Coding","P49821","57","GC11P099156","6.9056282043457","https://www.genecards.org/cgi-bin/carddisp.pl?gene=NDUFV1"
"NADSYN1","NAD Synthetase 1","Protein Coding","Q6IA69","52","GC11P099262","6.90442085266113","https://www.genecards.org/cgi-bin/carddisp.pl?gene=NADSYN1"
"LPL","Lipoprotein Lipase","Protein Coding","P06858","63","GC08P019901","6.88110160827637","https://www.genecards.org/cgi-bin/carddisp.pl?gene=LPL"
"CYP27A1","Cytochrome P450 Family 27 Subfamily A Member 1","Protein Coding","Q02318","59","GC02P218781","6.83836555480957","https://www.genecards.org/cgi-bin/carddisp.pl?gene=CYP27A1"
"HSPA1A","Heat Shock Protein Family A (Hsp70) Member 1A","Protein Coding","P0DMV8","59","GC06P156262","6.83147478103638","https://www.genecards.org/cgi-bin/carddisp.pl?gene=HSPA1A"
"LOC107133510","Origin Of Replication At HBB","Functional Element","","11","GC11P005222","6.82396650314331","https://www.genecards.org/cgi-bin/carddisp.pl?gene=LOC107133510"
"GRIN2A","Glutamate Ionotropic Receptor NMDA Type Subunit 2A","Protein Coding","Q12879","64","GC16M009753","6.79678726196289","https://www.genecards.org/cgi-bin/carddisp.pl?gene=GRIN2A"
"MPO","Myeloperoxidase","Protein Coding","P05164","65","GC17M058269","6.793137550354","https://www.genecards.org/cgi-bin/carddisp.pl?gene=MPO"
"ERN1","Endoplasmic Reticulum To Nucleus Signaling 1","Protein Coding","O75460","60","GC17M064039","6.79126644134521","https://www.genecards.org/cgi-bin/carddisp.pl?gene=ERN1"
"ARSA","Arylsulfatase A","Protein Coding","P15289","59","GC22M050622","6.78964710235596","https://www.genecards.org/cgi-bin/carddisp.pl?gene=ARSA"
"SIRT5","Sirtuin 5","Protein Coding","Q9NXA8","58","GC06P013574","6.77349042892456","https://www.genecards.org/cgi-bin/carddisp.pl?gene=SIRT5"
"HPRT1","Hypoxanthine Phosphoribosyltransferase 1","Protein Coding","P00492","61","GC0XP134460","6.77065372467041","https://www.genecards.org/cgi-bin/carddisp.pl?gene=HPRT1"
"ADA2","Adenosine Deaminase 2","Protein Coding","Q9NZK5","54","GC22M017342","6.72484683990479","https://www.genecards.org/cgi-bin/carddisp.pl?gene=ADA2"
"XDH","Xanthine Dehydrogenase","Protein Coding","P47989","60","GC02M031334","6.70514869689941","https://www.genecards.org/cgi-bin/carddisp.pl?gene=XDH"
"TF","Transferrin","Protein Coding","P02787","63","GC03P140959","6.70300197601318","https://www.genecards.org/cgi-bin/carddisp.pl?gene=TF"
"LOC106099062","HBB Recombination Region","Functional Element","","11","GC11P014257","6.67901229858398","https://www.genecards.org/cgi-bin/carddisp.pl?gene=LOC106099062"
"SERPINC1","Serpin Family C Member 1","Protein Coding","P01008","62","GC01M175056","6.67516851425171","https://www.genecards.org/cgi-bin/carddisp.pl?gene=SERPINC1"
"SLC25A24","Solute Carrier Family 25 Member 24","Protein Coding","Q6NUK1","54","GC01M108134","6.65858554840088","https://www.genecards.org/cgi-bin/carddisp.pl?gene=SLC25A24"
"CYP3A4","Cytochrome P450 Family 3 Subfamily A Member 4","Protein Coding","P08684","61","GC07M106050","6.65350580215454","https://www.genecards.org/cgi-bin/carddisp.pl?gene=CYP3A4"
"ATP7B","ATPase Copper Transporting Beta","Protein Coding","P35670","61","GC13M051930","6.64494514465332","https://www.genecards.org/cgi-bin/carddisp.pl?gene=ATP7B"
"SUOX","Sulfite Oxidase","Protein Coding","P51687","57","GC12P055997","6.62271690368652","https://www.genecards.org/cgi-bin/carddisp.pl?gene=SUOX"
"CKB","Creatine Kinase B","Protein Coding","P12277","57","GC14M103519","6.61280250549316","https://www.genecards.org/cgi-bin/carddisp.pl?gene=CKB"
"SIRT1","Sirtuin 1","Protein Coding","Q96EB6","62","GC10P067884","6.61154556274414","https://www.genecards.org/cgi-bin/carddisp.pl?gene=SIRT1"
"TRV-AAC1-4","TRNA-Val (Anticodon AAC) 1-4","RNA Gene","","9","GC05M181218","6.60900449752808","https://www.genecards.org/cgi-bin/carddisp.pl?gene=TRV-AAC1-4"
"AMT","Aminomethyltransferase","Protein Coding","P48728","55","GC03M054271","6.60412645339966","https://www.genecards.org/cgi-bin/carddisp.pl?gene=AMT"
"NF1","Neurofibromin 1","Protein Coding","P21359","60","GC17P031094","6.60407495498657","https://www.genecards.org/cgi-bin/carddisp.pl?gene=NF1"
"TAT","Tyrosine Aminotransferase","Protein Coding","P17735","57","GC16M071565","6.5987377166748","https://www.genecards.org/cgi-bin/carddisp.pl?gene=TAT"
"IL4","Interleukin 4","Protein Coding","P05112","59","GC05P132673","6.5933952331543","https://www.genecards.org/cgi-bin/carddisp.pl?gene=IL4"
"HSP90B1","Heat Shock Protein 90 Beta Family Member 1","Protein Coding","P14625","60","GC12P103930","6.5784740447998","https://www.genecards.org/cgi-bin/carddisp.pl?gene=HSP90B1"
"CTSB","Cathepsin B","Protein Coding","P07858","63","GC08M011842","6.55542469024658","https://www.genecards.org/cgi-bin/carddisp.pl?gene=CTSB"
"LRPPRC","Leucine Rich Pentatricopeptide Repeat Containing","Protein Coding","P42704","54","GC02M043886","6.51899671554565","https://www.genecards.org/cgi-bin/carddisp.pl?gene=LRPPRC"
"PRKCA","Protein Kinase C Alpha","Protein Coding","P17252","64","GC17P066302","6.51752662658691","https://www.genecards.org/cgi-bin/carddisp.pl?gene=PRKCA"
"SGCB","Sarcoglycan Beta","Protein Coding","Q16585","52","GC04M052019","6.51038980484009","https://www.genecards.org/cgi-bin/carddisp.pl?gene=SGCB"
"CXCR4","C-X-C Motif Chemokine Receptor 4","Protein Coding","P61073","65","GC02M136114","6.49568891525269","https://www.genecards.org/cgi-bin/carddisp.pl?gene=CXCR4"
"AMPD2","Adenosine Monophosphate Deaminase 2","Protein Coding","Q01433","58","GC01P109616","6.49231004714966","https://www.genecards.org/cgi-bin/carddisp.pl?gene=AMPD2"
"MET","MET Proto-Oncogene, Receptor Tyrosine Kinase","Protein Coding","P08581","67","GC07P116672","6.47462797164917","https://www.genecards.org/cgi-bin/carddisp.pl?gene=MET"
"RPGR","Retinitis Pigmentosa GTPase Regulator","Protein Coding","Q92834","54","GC0XM038269","6.45415306091309","https://www.genecards.org/cgi-bin/carddisp.pl?gene=RPGR"
"F3","Coagulation Factor III, Tissue Factor","Protein Coding","P13726","58","GC01M094956","6.45267724990845","https://www.genecards.org/cgi-bin/carddisp.pl?gene=F3"
"HTR3A","5-Hydroxytryptamine Receptor 3A","Protein Coding","P46098","58","GC11P113975","6.43888807296753","https://www.genecards.org/cgi-bin/carddisp.pl?gene=HTR3A"
"GCSH","Glycine Cleavage System Protein H","Protein Coding","P23434","54","GC16M081081","6.40273475646973","https://www.genecards.org/cgi-bin/carddisp.pl?gene=GCSH"
"CDKN1B","Cyclin Dependent Kinase Inhibitor 1B","Protein Coding","P46527","61","GC12P047017","6.39490461349487","https://www.genecards.org/cgi-bin/carddisp.pl?gene=CDKN1B"
"TRIB3","Tribbles Pseudokinase 3","Protein Coding","Q96RU7","54","GC20P000455","6.39278221130371","https://www.genecards.org/cgi-bin/carddisp.pl?gene=TRIB3"
"TYMP","Thymidine Phosphorylase","Protein Coding","P19971","59","GC22M050525","6.36777114868164","https://www.genecards.org/cgi-bin/carddisp.pl?gene=TYMP"
"HNF4A","Hepatocyte Nuclear Factor 4 Alpha","Protein Coding","P41235","62","GC20P044355","6.36516952514648","https://www.genecards.org/cgi-bin/carddisp.pl?gene=HNF4A"
"AICDA","Activation Induced Cytidine Deaminase","Protein Coding","Q9GZX7","56","GC12M008602","6.36120510101318","https://www.genecards.org/cgi-bin/carddisp.pl?gene=AICDA"
"PLAT","Plasminogen Activator, Tissue Type","Protein Coding","P00750","62","GC08M042174","6.35258197784424","https://www.genecards.org/cgi-bin/carddisp.pl?gene=PLAT"
"UBC","Ubiquitin C","Protein Coding","P0CG48","56","GC12M124911","6.34878492355347","https://www.genecards.org/cgi-bin/carddisp.pl?gene=UBC"
"SERAC1","Serine Active Site Containing 1","Protein Coding","Q96JX3","49","GC06M158109","6.34842395782471","https://www.genecards.org/cgi-bin/carddisp.pl?gene=SERAC1"
"XBP1","X-Box Binding Protein 1","Protein Coding","P17861","59","GC22M028794","6.34751558303833","https://www.genecards.org/cgi-bin/carddisp.pl?gene=XBP1"
"TUFM","Tu Translation Elongation Factor, Mitochondrial","Protein Coding","P49411","56","GC16M045584","6.3425612449646","https://www.genecards.org/cgi-bin/carddisp.pl?gene=TUFM"
"ABCB4","ATP Binding Cassette Subfamily B Member 4","Protein Coding","P21439","59","GC07M087365","6.34180641174316","https://www.genecards.org/cgi-bin/carddisp.pl?gene=ABCB4"
"PCNA","Proliferating Cell Nuclear Antigen","Protein Coding","P12004","63","GC20M005114","6.33828687667847","https://www.genecards.org/cgi-bin/carddisp.pl?gene=PCNA"
"PANX1","Pannexin 1","Protein Coding","Q96RD7","58","GC11P094128","6.32600879669189","https://www.genecards.org/cgi-bin/carddisp.pl?gene=PANX1"
"GSR","Glutathione-Disulfide Reductase","Protein Coding","P00390","62","GC08M030678","6.31965446472168","https://www.genecards.org/cgi-bin/carddisp.pl?gene=GSR"
"COX15","Cytochrome C Oxidase Assembly Homolog COX15","Protein Coding","Q7KZN9","54","GC10M099696","6.3172721862793","https://www.genecards.org/cgi-bin/carddisp.pl?gene=COX15"
"NAGLU","N-Acetyl-Alpha-Glucosaminidase","Protein Coding","P54802","56","GC17P133798","6.31313800811768","https://www.genecards.org/cgi-bin/carddisp.pl?gene=NAGLU"
"ATP8B1","ATPase Phospholipid Transporting 8B1","Protein Coding","O43520","53","GC18M057646","6.30889987945557","https://www.genecards.org/cgi-bin/carddisp.pl?gene=ATP8B1"
"SP1","Sp1 Transcription Factor","Protein Coding","P08047","58","GC12P053380","6.28563594818115","https://www.genecards.org/cgi-bin/carddisp.pl?gene=SP1"
"KIT","KIT Proto-Oncogene, Receptor Tyrosine Kinase","Protein Coding","P10721","66","GC04P054657","6.2498779296875","https://www.genecards.org/cgi-bin/carddisp.pl?gene=KIT"
"ADCYAP1R1","ADCYAP Receptor Type I","Protein Coding","P41586","57","GC07P031058","6.22720050811768","https://www.genecards.org/cgi-bin/carddisp.pl?gene=ADCYAP1R1"
"GUSB","Glucuronidase Beta","Protein Coding","P08236","62","GC07M065960","6.22649574279785","https://www.genecards.org/cgi-bin/carddisp.pl?gene=GUSB"
"ASPG","Asparaginase","Protein Coding","Q86U10","48","GC14P104085","6.18714189529419","https://www.genecards.org/cgi-bin/carddisp.pl?gene=ASPG"
"JAG1","Jagged Canonical Notch Ligand 1","Protein Coding","P78504","63","GC20M010637","6.16088199615479","https://www.genecards.org/cgi-bin/carddisp.pl?gene=JAG1"
"CDA","Cytidine Deaminase","Protein Coding","P32320","55","GC01P060850","6.15008592605591","https://www.genecards.org/cgi-bin/carddisp.pl?gene=CDA"
"AOC1","Amine Oxidase Copper Containing 1","Protein Coding","P19801","55","GC07P150824","6.12732028961182","https://www.genecards.org/cgi-bin/carddisp.pl?gene=AOC1"
"SLC37A4","Solute Carrier Family 37 Member 4","Protein Coding","O43826","54","GC11M133861","6.1251974105835","https://www.genecards.org/cgi-bin/carddisp.pl?gene=SLC37A4"
"GALK1","Galactokinase 1","Protein Coding","P51570","60","GC17M075751","6.11861610412598","https://www.genecards.org/cgi-bin/carddisp.pl?gene=GALK1"
"FUS","FUS RNA Binding Protein","Protein Coding","P35637","58","GC16P031180","6.10743236541748","https://www.genecards.org/cgi-bin/carddisp.pl?gene=FUS"
"GATM","Glycine Amidinotransferase","Protein Coding","P50440","58","GC15M045361","6.0905065536499","https://www.genecards.org/cgi-bin/carddisp.pl?gene=GATM"
"PRKCG","Protein Kinase C Gamma","Protein Coding","P05129","64","GC19P053879","6.07660675048828","https://www.genecards.org/cgi-bin/carddisp.pl?gene=PRKCG"
"HFE","Homeostatic Iron Regulator","Protein Coding","Q30201","58","GC06P026087","6.07363700866699","https://www.genecards.org/cgi-bin/carddisp.pl?gene=HFE"
"HBA1","Hemoglobin Subunit Alpha 1","Protein Coding","P69905","55","GC16P103971","6.07282543182373","https://www.genecards.org/cgi-bin/carddisp.pl?gene=HBA1"
"CCR5","C-C Motif Chemokine Receptor 5","Protein Coding","P51681","59","GC03P061355","6.0660457611084","https://www.genecards.org/cgi-bin/carddisp.pl?gene=CCR5"
"MT-ATP8","Mitochondrially Encoded ATP Synthase Membrane Subunit 8","Protein Coding","P03928","42","GCMTP008368","6.04983282089233","https://www.genecards.org/cgi-bin/carddisp.pl?gene=MT-ATP8"
"CD8A","CD8 Subunit Alpha","Protein Coding","P01732","61","GC02M086784","6.04541015625","https://www.genecards.org/cgi-bin/carddisp.pl?gene=CD8A"
"OGDH","Oxoglutarate Dehydrogenase","Protein Coding","Q02218","60","GC07P044606","6.02689647674561","https://www.genecards.org/cgi-bin/carddisp.pl?gene=OGDH"
"EP300","E1A Binding Protein P300","Protein Coding","Q09472","65","GC22P081600","6.02487087249756","https://www.genecards.org/cgi-bin/carddisp.pl?gene=EP300"
"PKM","Pyruvate Kinase M1/2","Protein Coding","P14618","62","GC15M072199","6.00036668777466","https://www.genecards.org/cgi-bin/carddisp.pl?gene=PKM"
"HDAC1","Histone Deacetylase 1","Protein Coding","Q13547","63","GC01P032292","5.99909782409668","https://www.genecards.org/cgi-bin/carddisp.pl?gene=HDAC1"
"RPE65","Retinoid Isomerohydrolase RPE65","Protein Coding","Q16518","58","GC01M068428","5.99151706695557","https://www.genecards.org/cgi-bin/carddisp.pl?gene=RPE65"
"SLC25A22","Solute Carrier Family 25 Member 22","Protein Coding","Q9H936","54","GC11M013234","5.98884391784668","https://www.genecards.org/cgi-bin/carddisp.pl?gene=SLC25A22"
"PGR-AS1","PGR Antisense RNA 1","RNA Gene","","19","GC11P101136","5.94666576385498","https://www.genecards.org/cgi-bin/carddisp.pl?gene=PGR-AS1"
"TGM6","Transglutaminase 6","Protein Coding","O95932","51","GC20P002380","5.9355525970459","https://www.genecards.org/cgi-bin/carddisp.pl?gene=TGM6"
"P2RX7","Purinergic Receptor P2X 7","Protein Coding","Q99572","59","GC12P136098","5.93310594558716","https://www.genecards.org/cgi-bin/carddisp.pl?gene=P2RX7"
"GSTP1","Glutathione S-Transferase Pi 1","Protein Coding","P09211","62","GC11P067583","5.93302154541016","https://www.genecards.org/cgi-bin/carddisp.pl?gene=GSTP1"
"SLC25A19","Solute Carrier Family 25 Member 19","Protein Coding","Q9HC21","56","GC17M090357","5.91804313659668","https://www.genecards.org/cgi-bin/carddisp.pl?gene=SLC25A19"
"LYRM7","LYR Motif Containing 7","Protein Coding","Q5U5X0","51","GC05P131170","5.91492795944214","https://www.genecards.org/cgi-bin/carddisp.pl?gene=LYRM7"
"ACY1","Aminoacylase 1","Protein Coding","Q03154","57","GC03P051983","5.89928865432739","https://www.genecards.org/cgi-bin/carddisp.pl?gene=ACY1"
"TXN","Thioredoxin","Protein Coding","P10599","58","GC09M110243","5.8944206237793","https://www.genecards.org/cgi-bin/carddisp.pl?gene=TXN"
"FOXP3","Forkhead Box P3","Protein Coding","Q9BZS1","60","GC0XM049250","5.89343976974487","https://www.genecards.org/cgi-bin/carddisp.pl?gene=FOXP3"
"GLDC","Glycine Decarboxylase","Protein Coding","P23378","59","GC09M006522","5.89302253723145","https://www.genecards.org/cgi-bin/carddisp.pl?gene=GLDC"
"BNIP3L","BCL2 Interacting Protein 3 Like","Protein Coding","O60238","55","GC08P026383","5.89054441452026","https://www.genecards.org/cgi-bin/carddisp.pl?gene=BNIP3L"
"KMT2D","Lysine Methyltransferase 2D","Protein Coding","O14686","56","GC12M049018","5.88880109786987","https://www.genecards.org/cgi-bin/carddisp.pl?gene=KMT2D"
"XIST","X Inactive Specific Transcript","RNA Gene","","32","GC0XM073820","5.86273527145386","https://www.genecards.org/cgi-bin/carddisp.pl?gene=XIST"
"ATF6","Activating Transcription Factor 6","Protein Coding","P18850","61","GC01P161766","5.85201644897461","https://www.genecards.org/cgi-bin/carddisp.pl?gene=ATF6"
"TYR","Tyrosinase","Protein Coding","P14679","61","GC11P089177","5.82802820205688","https://www.genecards.org/cgi-bin/carddisp.pl?gene=TYR"
"G6PD","Glucose-6-Phosphate Dehydrogenase","Protein Coding","P11413","63","GC0XM154610","5.82029104232788","https://www.genecards.org/cgi-bin/carddisp.pl?gene=G6PD"
"PET100","PET100 Cytochrome C Oxidase Chaperone","Protein Coding","P0DJ07","41","GC19P132123","5.81514453887939","https://www.genecards.org/cgi-bin/carddisp.pl?gene=PET100"
"CKMT1B","Creatine Kinase, Mitochondrial 1B","Protein Coding","P12532","48","GC15P175206","5.80483150482178","https://www.genecards.org/cgi-bin/carddisp.pl?gene=CKMT1B"
"SLC52A3","Solute Carrier Family 52 Member 3","Protein Coding","Q9NQ40","55","GC20M000741","5.78409337997437","https://www.genecards.org/cgi-bin/carddisp.pl?gene=SLC52A3"
"IL2RG","Interleukin 2 Receptor Subunit Gamma","Protein Coding","P31785","60","GC0XM071111","5.78128910064697","https://www.genecards.org/cgi-bin/carddisp.pl?gene=IL2RG"
"MDH2","Malate Dehydrogenase 2","Protein Coding","P40926","60","GC07P076048","5.77764320373535","https://www.genecards.org/cgi-bin/carddisp.pl?gene=MDH2"
"MRPS22","Mitochondrial Ribosomal Protein S22","Protein Coding","P82650","54","GC03P139005","5.74604988098145","https://www.genecards.org/cgi-bin/carddisp.pl?gene=MRPS22"
"NTS","Neurotensin","Protein Coding","P30990","53","GC12P085876","5.74262189865112","https://www.genecards.org/cgi-bin/carddisp.pl?gene=NTS"
"PLG","Plasminogen","Protein Coding","P00747","61","GC06P160702","5.74105262756348","https://www.genecards.org/cgi-bin/carddisp.pl?gene=PLG"
"HBA2","Hemoglobin Subunit Alpha 2","Protein Coding","P69905","52","GC16P103972","5.7327094078064","https://www.genecards.org/cgi-bin/carddisp.pl?gene=HBA2"
"YWHAZ","Tyrosine 3-Monooxygenase/Tryptophan 5-Monooxygenase Activation Protein Zeta","Protein Coding","P63104","59","GC08M100957","5.69221115112305","https://www.genecards.org/cgi-bin/carddisp.pl?gene=YWHAZ"
"SLC25A12","Solute Carrier Family 25 Member 12","Protein Coding","O75746","59","GC02M171783","5.65668487548828","https://www.genecards.org/cgi-bin/carddisp.pl?gene=SLC25A12"
"AGL","Amylo-Alpha-1, 6-Glucosidase, 4-Alpha-Glucanotransferase","Protein Coding","P35573","58","GC01P099850","5.6544713973999","https://www.genecards.org/cgi-bin/carddisp.pl?gene=AGL"
"ACHE","Acetylcholinesterase (Yt Blood Group)","Protein Coding","P22303","61","GC07M100889","5.63749980926514","https://www.genecards.org/cgi-bin/carddisp.pl?gene=ACHE"
"MFN2","Mitofusin 2","Protein Coding","O95140","61","GC01P011980","5.61325979232788","https://www.genecards.org/cgi-bin/carddisp.pl?gene=MFN2"
"MIR146A","MicroRNA 146a","RNA Gene","","31","GC05P160485","5.61123085021973","https://www.genecards.org/cgi-bin/carddisp.pl?gene=MIR146A"
"MTO1","Mitochondrial TRNA Translation Optimization 1","Protein Coding","Q9Y2Z2","54","GC06P073461","5.5765266418457","https://www.genecards.org/cgi-bin/carddisp.pl?gene=MTO1"
"HSD17B10","Hydroxysteroid 17-Beta Dehydrogenase 10","Protein Coding","Q99714","59","GC0XM053431","5.57137584686279","https://www.genecards.org/cgi-bin/carddisp.pl?gene=HSD17B10"
"SLC4A11","Solute Carrier Family 4 Member 11","Protein Coding","Q8NBS3","51","GC20M004231","5.57004165649414","https://www.genecards.org/cgi-bin/carddisp.pl?gene=SLC4A11"
"KRT18","Keratin 18","Protein Coding","P05783","62","GC12P052948","5.56571340560913","https://www.genecards.org/cgi-bin/carddisp.pl?gene=KRT18"
"ASPA","Aspartoacylase","Protein Coding","P45381","56","GC17P003472","5.55542421340942","https://www.genecards.org/cgi-bin/carddisp.pl?gene=ASPA"
"GRIN2D","Glutamate Ionotropic Receptor NMDA Type Subunit 2D","Protein Coding","O15399","61","GC19P133365","5.54862880706787","https://www.genecards.org/cgi-bin/carddisp.pl?gene=GRIN2D"
"REN","Renin","Protein Coding","P00797","61","GC01M204154","5.54270029067993","https://www.genecards.org/cgi-bin/carddisp.pl?gene=REN"
"SLC25A3","Solute Carrier Family 25 Member 3","Protein Coding","Q00325","58","GC12P098593","5.53471422195435","https://www.genecards.org/cgi-bin/carddisp.pl?gene=SLC25A3"
"C3","Complement C3","Protein Coding","P01024","62","GC19M006677","5.51680326461792","https://www.genecards.org/cgi-bin/carddisp.pl?gene=C3"
"NFU1","NFU1 Iron-Sulfur Cluster Scaffold","Protein Coding","Q9UMS0","54","GC02M069395","5.50890684127808","https://www.genecards.org/cgi-bin/carddisp.pl?gene=NFU1"
"IL17A","Interleukin 17A","Protein Coding","Q16552","55","GC06P052186","5.50018787384033","https://www.genecards.org/cgi-bin/carddisp.pl?gene=IL17A"
"NDUFAF5","NADH:Ubiquinone Oxidoreductase Complex Assembly Factor 5","Protein Coding","Q5TEU4","48","GC20P014035","5.49749946594238","https://www.genecards.org/cgi-bin/carddisp.pl?gene=NDUFAF5"
"FTL","Ferritin Light Chain","Protein Coding","P02792","58","GC19P048965","5.49657201766968","https://www.genecards.org/cgi-bin/carddisp.pl?gene=FTL"
"RPL36A-HNRNPH2","RPL36A-HNRNPH2 Readthrough","Protein Coding","","25","GC0XP101409","5.48730802536011","https://www.genecards.org/cgi-bin/carddisp.pl?gene=RPL36A-HNRNPH2"
"PLA2G2A","Phospholipase A2 Group IIA","Protein Coding","P14555","59","GC01M019975","5.48115158081055","https://www.genecards.org/cgi-bin/carddisp.pl?gene=PLA2G2A"
"QDPR","Quinoid Dihydropteridine Reductase","Protein Coding","P09417","58","GC04M017460","5.44805240631104","https://www.genecards.org/cgi-bin/carddisp.pl?gene=QDPR"
"OPA3","Outer Mitochondrial Membrane Lipid Metabolism Regulator OPA3","Protein Coding","Q9H6K4","51","GC19M045527","5.4395170211792","https://www.genecards.org/cgi-bin/carddisp.pl?gene=OPA3"
"GYS1","Glycogen Synthase 1","Protein Coding","P13807","62","GC19M101265","5.43834924697876","https://www.genecards.org/cgi-bin/carddisp.pl?gene=GYS1"
"ODC1","Ornithine Decarboxylase 1","Protein Coding","P11926","61","GC02M010432","5.42188739776611","https://www.genecards.org/cgi-bin/carddisp.pl?gene=ODC1"
"TERC","Telomerase RNA Component","RNA Gene","","37","GC03M169765","5.41909456253052","https://www.genecards.org/cgi-bin/carddisp.pl?gene=TERC"
"ULK2","Unc-51 Like Autophagy Activating Kinase 2","Protein Coding","Q8IYT8","53","GC17M088684","5.41232872009277","https://www.genecards.org/cgi-bin/carddisp.pl?gene=ULK2"
"IL4I1","Interleukin 4 Induced 1","Protein Coding","Q96RQ9","50","GC19M101308","5.40989208221436","https://www.genecards.org/cgi-bin/carddisp.pl?gene=IL4I1"
"MIR140","MicroRNA 140","RNA Gene","","33","GC16P106041","5.38121891021729","https://www.genecards.org/cgi-bin/carddisp.pl?gene=MIR140"
"NAXE","NAD(P)HX Epimerase","Protein Coding","Q8NCW5","54","GC01P156591","5.38101291656494","https://www.genecards.org/cgi-bin/carddisp.pl?gene=NAXE"
"RAG2","Recombination Activating 2","Protein Coding","P55895","52","GC11M036575","5.37826347351074","https://www.genecards.org/cgi-bin/carddisp.pl?gene=RAG2"
"NOD2","Nucleotide Binding Oligomerization Domain Containing 2","Protein Coding","Q9HC29","59","GC16P050693","5.37158107757568","https://www.genecards.org/cgi-bin/carddisp.pl?gene=NOD2"
"IL3","Interleukin 3","Protein Coding","P08700","57","GC05P132060","5.35406684875488","https://www.genecards.org/cgi-bin/carddisp.pl?gene=IL3"
"CKM","Creatine Kinase, M-Type","Protein Coding","P06732","57","GC19M045306","5.35014820098877","https://www.genecards.org/cgi-bin/carddisp.pl?gene=CKM"
"AFP","Alpha Fetoprotein","Protein Coding","P02771","59","GC04P073431","5.33944749832153","https://www.genecards.org/cgi-bin/carddisp.pl?gene=AFP"
"TRA-TGC7-1","TRNA-Ala (Anticodon TGC) 7-1","RNA Gene","","16","GC06M100125","5.33607482910156","https://www.genecards.org/cgi-bin/carddisp.pl?gene=TRA-TGC7-1"
"DLG1","Discs Large MAGUK Scaffold Protein 1","Protein Coding","Q12959","56","GC03M197042","5.33603143692017","https://www.genecards.org/cgi-bin/carddisp.pl?gene=DLG1"
"PNP","Purine Nucleoside Phosphorylase","Protein Coding","P00491","62","GC14P051461","5.33138179779053","https://www.genecards.org/cgi-bin/carddisp.pl?gene=PNP"
"LGALS1","Galectin 1","Protein Coding","P09382","56","GC22P037675","5.31841230392456","https://www.genecards.org/cgi-bin/carddisp.pl?gene=LGALS1"
"L2HGDH","L-2-Hydroxyglutarate Dehydrogenase","Protein Coding","Q9H9P8","52","GC14M050237","5.30227947235107","https://www.genecards.org/cgi-bin/carddisp.pl?gene=L2HGDH"
"CKMT2","Creatine Kinase, Mitochondrial 2","Protein Coding","P17540","54","GC05P081233","5.29942178726196","https://www.genecards.org/cgi-bin/carddisp.pl?gene=CKMT2"
"PGM1","Phosphoglucomutase 1","Protein Coding","P36871","60","GC01P063593","5.29764080047607","https://www.genecards.org/cgi-bin/carddisp.pl?gene=PGM1"
"PRDX1","Peroxiredoxin 1","Protein Coding","Q06830","62","GC01M045828","5.29731559753418","https://www.genecards.org/cgi-bin/carddisp.pl?gene=PRDX1"
"PLAU","Plasminogen Activator, Urokinase","Protein Coding","P00749","64","GC10P073909","5.29692554473877","https://www.genecards.org/cgi-bin/carddisp.pl?gene=PLAU"
"MAT1A","Methionine Adenosyltransferase 1A","Protein Coding","Q00266","59","GC10M080271","5.28147888183594","https://www.genecards.org/cgi-bin/carddisp.pl?gene=MAT1A"
"PADI4","Peptidyl Arginine Deiminase 4","Protein Coding","Q9UM07","58","GC01P017308","5.27470827102661","https://www.genecards.org/cgi-bin/carddisp.pl?gene=PADI4"
"PRPF8","Pre-MRNA Processing Factor 8","Protein Coding","Q6P2Q9","54","GC17M001650","5.2723445892334","https://www.genecards.org/cgi-bin/carddisp.pl?gene=PRPF8"
"FAAH","Fatty Acid Amide Hydrolase","Protein Coding","O00519","61","GC01P046394","5.26261901855469","https://www.genecards.org/cgi-bin/carddisp.pl?gene=FAAH"
"CD36","CD36 Molecule (CD36 Blood Group)","Protein Coding","P16671","63","GC07P080369","5.25347375869751","https://www.genecards.org/cgi-bin/carddisp.pl?gene=CD36"
"GMPR","Guanosine Monophosphate Reductase","Protein Coding","P36959","52","GC06P016238","5.2122745513916","https://www.genecards.org/cgi-bin/carddisp.pl?gene=GMPR"
"CD47","CD47 Molecule","Protein Coding","Q08722","58","GC03M108043","5.20312404632568","https://www.genecards.org/cgi-bin/carddisp.pl?gene=CD47"
"F7","Coagulation Factor VII","Protein Coding","P08709","61","GC13P113105","5.20195579528809","https://www.genecards.org/cgi-bin/carddisp.pl?gene=F7"
"UGT1A1","UDP Glucuronosyltransferase Family 1 Member A1","Protein Coding","P22309","63","GC02P233760","5.20176362991333","https://www.genecards.org/cgi-bin/carddisp.pl?gene=UGT1A1"
"ATF2","Activating Transcription Factor 2","Protein Coding","P15336","60","GC02M175072","5.19825267791748","https://www.genecards.org/cgi-bin/carddisp.pl?gene=ATF2"
"CEP290","Centrosomal Protein 290","Protein Coding","O15078","52","GC12M088049","5.19398975372314","https://www.genecards.org/cgi-bin/carddisp.pl?gene=CEP290"
"SFTPB","Surfactant Protein B","Protein Coding","P07988","55","GC02M085657","5.19267845153809","https://www.genecards.org/cgi-bin/carddisp.pl?gene=SFTPB"
"ADIPOQ","Adiponectin, C1Q And Collagen Domain Containing","Protein Coding","Q15848","59","GC03P186842","5.17500734329224","https://www.genecards.org/cgi-bin/carddisp.pl?gene=ADIPOQ"
"APOBEC3G","Apolipoprotein B MRNA Editing Enzyme Catalytic Subunit 3G","Protein Coding","Q9HC16","52","GC22P081519","5.166823387146","https://www.genecards.org/cgi-bin/carddisp.pl?gene=APOBEC3G"
"STXBP1","Syntaxin Binding Protein 1","Protein Coding","P61764","61","GC09P146576","5.16650009155273","https://www.genecards.org/cgi-bin/carddisp.pl?gene=STXBP1"
"QPCT","Glutaminyl-Peptide Cyclotransferase","Protein Coding","Q16769","55","GC02P037344","5.15978956222534","https://www.genecards.org/cgi-bin/carddisp.pl?gene=QPCT"
"CSF2","Colony Stimulating Factor 2","Protein Coding","P04141","58","GC05P132073","5.15095329284668","https://www.genecards.org/cgi-bin/carddisp.pl?gene=CSF2"
"MYOM1","Myomesin 1","Protein Coding","P52179","51","GC18M003066","5.14478588104248","https://www.genecards.org/cgi-bin/carddisp.pl?gene=MYOM1"
"RMND1","Required For Meiotic Nuclear Division 1 Homolog","Protein Coding","Q9NWS8","50","GC06M151404","5.13298273086548","https://www.genecards.org/cgi-bin/carddisp.pl?gene=RMND1"
"KCNMA1","Potassium Calcium-Activated Channel Subfamily M Alpha 1","Protein Coding","Q12791","60","GC10M076869","5.13083696365356","https://www.genecards.org/cgi-bin/carddisp.pl?gene=KCNMA1"
"MTR","5-Methyltetrahydrofolate-Homocysteine Methyltransferase","Protein Coding","Q99707","60","GC01P236795","5.11283445358276","https://www.genecards.org/cgi-bin/carddisp.pl?gene=MTR"
"CRMA","Cardiomyocyte Maturation Associated LncRNA","RNA Gene","","22","GC20M062786","5.1092734336853","https://www.genecards.org/cgi-bin/carddisp.pl?gene=CRMA"
"SMN2","Survival Of Motor Neuron 2, Centromeric","Protein Coding","Q16637","51","GC05P070049","5.0995512008667","https://www.genecards.org/cgi-bin/carddisp.pl?gene=SMN2"
"SLC7A11","Solute Carrier Family 7 Member 11","Protein Coding","Q9UPY5","57","GC04M138164","5.09326791763306","https://www.genecards.org/cgi-bin/carddisp.pl?gene=SLC7A11"
"GPD1","Glycerol-3-Phosphate Dehydrogenase 1","Protein Coding","P21695","56","GC12P064981","5.09052896499634","https://www.genecards.org/cgi-bin/carddisp.pl?gene=GPD1"
"TTC19","Tetratricopeptide Repeat Domain 19","Protein Coding","Q6DKK2","51","GC17P015999","5.08821725845337","https://www.genecards.org/cgi-bin/carddisp.pl?gene=TTC19"
"FUCA1","Alpha-L-Fucosidase 1","Protein Coding","P04066","61","GC01M023845","5.08618927001953","https://www.genecards.org/cgi-bin/carddisp.pl?gene=FUCA1"
"LGSN","Lengsin, Lens Protein With Glutamine Synthetase Domain","Protein Coding","Q5TDP6","43","GC06M063275","5.08126163482666","https://www.genecards.org/cgi-bin/carddisp.pl?gene=LGSN"
"ELANE","Elastase, Neutrophil Expressed","Protein Coding","P08246","63","GC19P131807","5.07927560806274","https://www.genecards.org/cgi-bin/carddisp.pl?gene=ELANE"
"BMP6","Bone Morphogenetic Protein 6","Protein Coding","P22004","56","GC06P007726","5.06709289550781","https://www.genecards.org/cgi-bin/carddisp.pl?gene=BMP6"
"IDH1","Isocitrate Dehydrogenase (NADP(+)) 1","Protein Coding","O75874","65","GC02M208236","5.05836963653564","https://www.genecards.org/cgi-bin/carddisp.pl?gene=IDH1"
"TANGO2","Transport And Golgi Organization 2 Homolog","Protein Coding","Q6ICL3","47","GC22P020017","5.05249214172363","https://www.genecards.org/cgi-bin/carddisp.pl?gene=TANGO2"
"TPI1","Triosephosphate Isomerase 1","Protein Coding","P60174","59","GC12P006867","5.03447961807251","https://www.genecards.org/cgi-bin/carddisp.pl?gene=TPI1"
"ALDOA","Aldolase, Fructose-Bisphosphate A","Protein Coding","P04075","62","GC16P030064","5.03377532958984","https://www.genecards.org/cgi-bin/carddisp.pl?gene=ALDOA"
"TGM5","Transglutaminase 5","Protein Coding","O43548","51","GC15M045021","5.02054738998413","https://www.genecards.org/cgi-bin/carddisp.pl?gene=TGM5"
"RBMX","RNA Binding Motif Protein X-Linked","Protein Coding","P38159","54","GC0XM136848","5.01702260971069","https://www.genecards.org/cgi-bin/carddisp.pl?gene=RBMX"
"GPC3","Glypican 3","Protein Coding","P51654","59","GC0XM133535","5.01136922836304","https://www.genecards.org/cgi-bin/carddisp.pl?gene=GPC3"
"FH","Fumarate Hydratase","Protein Coding","P07954","59","GC01M241499","5.00880432128906","https://www.genecards.org/cgi-bin/carddisp.pl?gene=FH"
"MYO5B","Myosin VB","Protein Coding","Q9ULV0","54","GC18M049822","5.00125169754028","https://www.genecards.org/cgi-bin/carddisp.pl?gene=MYO5B"
"PAX2","Paired Box 2","Protein Coding","Q02962","58","GC10P100735","4.99629783630371","https://www.genecards.org/cgi-bin/carddisp.pl?gene=PAX2"
"SLC9A1","Solute Carrier Family 9 Member A1","Protein Coding","P19634","62","GC01M032272","4.99404859542847","https://www.genecards.org/cgi-bin/carddisp.pl?gene=SLC9A1"
"S100B","S100 Calcium Binding Protein B","Protein Coding","P04271","57","GC21M054265","4.96875190734863","https://www.genecards.org/cgi-bin/carddisp.pl?gene=S100B"
"UCHL1","Ubiquitin C-Terminal Hydrolase L1","Protein Coding","P09936","65","GC04P041256","4.95167255401611","https://www.genecards.org/cgi-bin/carddisp.pl?gene=UCHL1"
"PCAT1","Prostate Cancer Associated Transcript 1","RNA Gene","","25","GC08P126553","4.946937084198","https://www.genecards.org/cgi-bin/carddisp.pl?gene=PCAT1"
"ATPAF2","ATP Synthase Mitochondrial F1 Complex Assembly Factor 2","Protein Coding","Q8N5M1","51","GC17M017977","4.93374300003052","https://www.genecards.org/cgi-bin/carddisp.pl?gene=ATPAF2"
"TRC-GCA24-1","TRNA-Cys (GCA) 24-1","RNA Gene","","15","GC17M089223","4.9321460723877","https://www.genecards.org/cgi-bin/carddisp.pl?gene=TRC-GCA24-1"
"DDO","D-Aspartate Oxidase","Protein Coding","Q99489","49","GC06M110391","4.92090797424316","https://www.genecards.org/cgi-bin/carddisp.pl?gene=DDO"
"LOXL2","Lysyl Oxidase Like 2","Protein Coding","Q9Y4K0","58","GC08M023296","4.92035341262817","https://www.genecards.org/cgi-bin/carddisp.pl?gene=LOXL2"
"PIK3C2A","Phosphatidylinositol-4-Phosphate 3-Kinase Catalytic Subunit Type 2 Alpha","Protein Coding","O00443","59","GC11M018024","4.91580867767334","https://www.genecards.org/cgi-bin/carddisp.pl?gene=PIK3C2A"
"ADAMTS13","ADAM Metallopeptidase With Thrombospondin Type 1 Motif 13","Protein Coding","Q76LX8","61","GC09P133414","4.89790964126587","https://www.genecards.org/cgi-bin/carddisp.pl?gene=ADAMTS13"
"ETHE1","ETHE1 Persulfide Dioxygenase","Protein Coding","O95571","54","GC19M043506","4.88770866394043","https://www.genecards.org/cgi-bin/carddisp.pl?gene=ETHE1"
"MUC1","Mucin 1, Cell Surface Associated","Protein Coding","P15941","61","GC01M155185","4.87048482894897","https://www.genecards.org/cgi-bin/carddisp.pl?gene=MUC1"
"PFKM","Phosphofructokinase, Muscle","Protein Coding","P08237","61","GC12P048105","4.86430549621582","https://www.genecards.org/cgi-bin/carddisp.pl?gene=PFKM"
"PRPS1","Phosphoribosyl Pyrophosphate Synthetase 1","Protein Coding","P60891","59","GC0XP107628","4.83801078796387","https://www.genecards.org/cgi-bin/carddisp.pl?gene=PRPS1"
"PDGFB","Platelet Derived Growth Factor Subunit B","Protein Coding","P01127","63","GC22M082423","4.83453321456909","https://www.genecards.org/cgi-bin/carddisp.pl?gene=PDGFB"
"CXCL10","C-X-C Motif Chemokine Ligand 10","Protein Coding","P02778","56","GC04M076021","4.83136177062988","https://www.genecards.org/cgi-bin/carddisp.pl?gene=CXCL10"
"PRKAA1","Protein Kinase AMP-Activated Catalytic Subunit Alpha 1","Protein Coding","Q13131","59","GC05M040759","4.82189798355103","https://www.genecards.org/cgi-bin/carddisp.pl?gene=PRKAA1"
"LOC126862363","BRD4-Independent Group 4 Enhancer GRCh37_chr16:58751959-58753158","Functional Element","","8","GC16P058718","4.81225967407227","https://www.genecards.org/cgi-bin/carddisp.pl?gene=LOC126862363"
"TRE-TTC3-1","TRNA-Glu (Anticodon TTC) 3-1","RNA Gene","","18","GC01P060692","4.79963731765747","https://www.genecards.org/cgi-bin/carddisp.pl?gene=TRE-TTC3-1"
"FARS2","Phenylalanyl-TRNA Synthetase 2, Mitochondrial","Protein Coding","O95363","56","GC06P008239","4.79807043075562","https://www.genecards.org/cgi-bin/carddisp.pl?gene=FARS2"
"FLAD1","Flavin Adenine Dinucleotide Synthetase 1","Protein Coding","Q8NFF5","52","GC01P154983","4.79008674621582","https://www.genecards.org/cgi-bin/carddisp.pl?gene=FLAD1"
"MLYCD","Malonyl-CoA Decarboxylase","Protein Coding","O95822","55","GC16P083899","4.78467464447021","https://www.genecards.org/cgi-bin/carddisp.pl?gene=MLYCD"
"ALDH5A1","Aldehyde Dehydrogenase 5 Family Member A1","Protein Coding","P51649","59","GC06P024494","4.77679443359375","https://www.genecards.org/cgi-bin/carddisp.pl?gene=ALDH5A1"
"ABCC8","ATP Binding Cassette Subfamily C Member 8","Protein Coding","Q09428","58","GC11M017392","4.7474889755249","https://www.genecards.org/cgi-bin/carddisp.pl?gene=ABCC8"
"TKT","Transketolase","Protein Coding","P29401","58","GC03M053224","4.74244356155396","https://www.genecards.org/cgi-bin/carddisp.pl?gene=TKT"
"NOTCH2","Notch Receptor 2","Protein Coding","Q04721","65","GC01M119911","4.7264723777771","https://www.genecards.org/cgi-bin/carddisp.pl?gene=NOTCH2"
"MB","Myoglobin","Protein Coding","P02144","58","GC22M035606","4.71841335296631","https://www.genecards.org/cgi-bin/carddisp.pl?gene=MB"
"EIF4E","Eukaryotic Translation Initiation Factor 4E","Protein Coding","P06730","62","GC04M098879","4.71714353561401","https://www.genecards.org/cgi-bin/carddisp.pl?gene=EIF4E"
"ALDOB","Aldolase, Fructose-Bisphosphate B","Protein Coding","P05062","59","GC09M101420","4.71537113189697","https://www.genecards.org/cgi-bin/carddisp.pl?gene=ALDOB"
"CS","Citrate Synthase","Protein Coding","O75390","58","GC12M056271","4.71320915222168","https://www.genecards.org/cgi-bin/carddisp.pl?gene=CS"
"COQ6","Coenzyme Q6, Monooxygenase","Protein Coding","Q9Y2Z9","55","GC14P073949","4.71102809906006","https://www.genecards.org/cgi-bin/carddisp.pl?gene=COQ6"
"TRPV1","Transient Receptor Potential Cation Channel Subfamily V Member 1","Protein Coding","Q8NER1","61","GC17M003565","4.70500898361206","https://www.genecards.org/cgi-bin/carddisp.pl?gene=TRPV1"
"APOBEC3A","Apolipoprotein B MRNA Editing Enzyme Catalytic Subunit 3A","Protein Coding","P31941","49","GC22P038952","4.68854570388794","https://www.genecards.org/cgi-bin/carddisp.pl?gene=APOBEC3A"
"GFM1","G Elongation Factor Mitochondrial 1","Protein Coding","Q96RP9","56","GC03P158644","4.67572212219238","https://www.genecards.org/cgi-bin/carddisp.pl?gene=GFM1"
"HDAC3","Histone Deacetylase 3","Protein Coding","O15379","62","GC05M141620","4.66982460021973","https://www.genecards.org/cgi-bin/carddisp.pl?gene=HDAC3"
"OPLAH","5-Oxoprolinase, ATP-Hydrolysing","Protein Coding","O14841","54","GC08M146984","4.66911792755127","https://www.genecards.org/cgi-bin/carddisp.pl?gene=OPLAH"
"ASPH","Aspartate Beta-Hydroxylase","Protein Coding","Q12797","55","GC08M061500","4.65609836578369","https://www.genecards.org/cgi-bin/carddisp.pl?gene=ASPH"
"MIP","Major Intrinsic Protein Of Lens Fiber","Protein Coding","P30301","51","GC12M056449","4.65520477294922","https://www.genecards.org/cgi-bin/carddisp.pl?gene=MIP"
"CHKB","Choline Kinase Beta","Protein Coding","Q9Y259","57","GC22M050578","4.64654159545898","https://www.genecards.org/cgi-bin/carddisp.pl?gene=CHKB"
"KYAT1","Kynurenine Aminotransferase 1","Protein Coding","Q16773","52","GC09M131066","4.64082288742065","https://www.genecards.org/cgi-bin/carddisp.pl?gene=KYAT1"
"LINC01587","Long Intergenic Non-Protein Coding RNA 1587","RNA Gene","Q99440","27","GC04P005524","4.63826656341553","https://www.genecards.org/cgi-bin/carddisp.pl?gene=LINC01587"
"RLBP1","Retinaldehyde Binding Protein 1","Protein Coding","P12271","56","GC15M089209","4.63651561737061","https://www.genecards.org/cgi-bin/carddisp.pl?gene=RLBP1"
"B2M","Beta-2-Microglobulin","Protein Coding","P61769","62","GC15P044711","4.63513374328613","https://www.genecards.org/cgi-bin/carddisp.pl?gene=B2M"
"TRAPPC11","Trafficking Protein Particle Complex Subunit 11","Protein Coding","Q7Z392","49","GC04P183659","4.62520980834961","https://www.genecards.org/cgi-bin/carddisp.pl?gene=TRAPPC11"
"FOXM1","Forkhead Box M1","Protein Coding","Q08050","56","GC12M002857","4.62056493759155","https://www.genecards.org/cgi-bin/carddisp.pl?gene=FOXM1"
"CYP7B1","Cytochrome P450 Family 7 Subfamily B Member 1","Protein Coding","O75881","58","GC08M064587","4.62007331848145","https://www.genecards.org/cgi-bin/carddisp.pl?gene=CYP7B1"
"APOBEC3F","Apolipoprotein B MRNA Editing Enzyme Catalytic Subunit 3F","Protein Coding","Q8IUX4","43","GC22P039040","4.61816692352295","https://www.genecards.org/cgi-bin/carddisp.pl?gene=APOBEC3F"
"GGT1","Gamma-Glutamyltransferase 1","Protein Coding","P19440","62","GC22P024583","4.5966911315918","https://www.genecards.org/cgi-bin/carddisp.pl?gene=GGT1"
"HNF1A","HNF1 Homeobox A","Protein Coding","P20823","59","GC12P120978","4.59245777130127","https://www.genecards.org/cgi-bin/carddisp.pl?gene=HNF1A"
"DUSP19","Dual Specificity Phosphatase 19","Protein Coding","Q8WTR2","50","GC02P183078","4.58782720565796","https://www.genecards.org/cgi-bin/carddisp.pl?gene=DUSP19"
"ALMS1","ALMS1 Centrosome And Basal Body Associated Protein","Protein Coding","Q8TCU4","51","GC02P073385","4.58689069747925","https://www.genecards.org/cgi-bin/carddisp.pl?gene=ALMS1"
"KCNJ10","Potassium Inwardly Rectifying Channel Subfamily J Member 10","Protein Coding","P78508","58","GC01M159998","4.58511924743652","https://www.genecards.org/cgi-bin/carddisp.pl?gene=KCNJ10"
"STXBP2","Syntaxin Binding Protein 2","Protein Coding","Q15833","56","GC19P132125","4.58365201950073","https://www.genecards.org/cgi-bin/carddisp.pl?gene=STXBP2"
"UBE2D1","Ubiquitin Conjugating Enzyme E2 D1","Protein Coding","P51668","56","GC10P058334","4.58013439178467","https://www.genecards.org/cgi-bin/carddisp.pl?gene=UBE2D1"
"HSD3B7","Hydroxy-Delta-5-Steroid Dehydrogenase, 3 Beta- And Steroid Delta-Isomerase 7","Protein Coding","Q9H2F3","52","GC16P030985","4.57908058166504","https://www.genecards.org/cgi-bin/carddisp.pl?gene=HSD3B7"
"SDHC","Succinate Dehydrogenase Complex Subunit C","Protein Coding","Q99643","55","GC01P161314","4.571608543396","https://www.genecards.org/cgi-bin/carddisp.pl?gene=SDHC"
"TOP1","DNA Topoisomerase I","Protein Coding","P11387","62","GC20P041028","4.56602764129639","https://www.genecards.org/cgi-bin/carddisp.pl?gene=TOP1"
"MIR34C","MicroRNA 34c","RNA Gene","","30","GC11P112711","4.56581497192383","https://www.genecards.org/cgi-bin/carddisp.pl?gene=MIR34C"
"PDHB","Pyruvate Dehydrogenase E1 Subunit Beta","Protein Coding","P11177","59","GC03M058464","4.56547260284424","https://www.genecards.org/cgi-bin/carddisp.pl?gene=PDHB"
"RARS2","Arginyl-TRNA Synthetase 2, Mitochondrial","Protein Coding","Q5T160","54","GC06M101099","4.56393718719482","https://www.genecards.org/cgi-bin/carddisp.pl?gene=RARS2"
"MIR142","MicroRNA 142","RNA Gene","","30","GC17M058331","4.56205701828003","https://www.genecards.org/cgi-bin/carddisp.pl?gene=MIR142"
"COX6B1","Cytochrome C Oxidase Subunit 6B1","Protein Coding","P14854","55","GC19P132923","4.56020450592041","https://www.genecards.org/cgi-bin/carddisp.pl?gene=COX6B1"
"MPI","Mannose Phosphate Isomerase","Protein Coding","P34949","56","GC15P074890","4.55656290054321","https://www.genecards.org/cgi-bin/carddisp.pl?gene=MPI"
"FASN","Fatty Acid Synthase","Protein Coding","P49327","61","GC17M082078","4.55614948272705","https://www.genecards.org/cgi-bin/carddisp.pl?gene=FASN"
"VTRNA1-1","Vault RNA 1-1","RNA Gene","","18","GC05P156893","4.54456663131714","https://www.genecards.org/cgi-bin/carddisp.pl?gene=VTRNA1-1"
"COL4A2","Collagen Type IV Alpha 2 Chain","Protein Coding","P08572","59","GC13P110305","4.54182529449463","https://www.genecards.org/cgi-bin/carddisp.pl?gene=COL4A2"
"ALDH7A1","Aldehyde Dehydrogenase 7 Family Member A1","Protein Coding","P49419","60","GC05M126541","4.53882884979248","https://www.genecards.org/cgi-bin/carddisp.pl?gene=ALDH7A1"
"EIF4G1","Eukaryotic Translation Initiation Factor 4 Gamma 1","Protein Coding","Q04637","59","GC03P184314","4.52769088745117","https://www.genecards.org/cgi-bin/carddisp.pl?gene=EIF4G1"
"SLC26A4","Solute Carrier Family 26 Member 4","Protein Coding","O43511","55","GC07P107660","4.52503442764282","https://www.genecards.org/cgi-bin/carddisp.pl?gene=SLC26A4"
"CYC1","Cytochrome C1","Protein Coding","P08574","56","GC08P144095","4.52435493469238","https://www.genecards.org/cgi-bin/carddisp.pl?gene=CYC1"
"ASRGL1","Asparaginase And Isoaspartyl Peptidase 1","Protein Coding","Q7L266","50","GC11P062337","4.51961231231689","https://www.genecards.org/cgi-bin/carddisp.pl?gene=ASRGL1"
"OXT","Oxytocin/Neurophysin I Prepropeptide","Protein Coding","P01178","50","GC20P009536","4.51580476760864","https://www.genecards.org/cgi-bin/carddisp.pl?gene=OXT"
"LOC129998833","ATAC-STARR-Seq Lymphoblastoid Silent Region 18384","Functional Element","","6","GC07P096325","4.51389217376709","https://www.genecards.org/cgi-bin/carddisp.pl?gene=LOC129998833"
"VPS33B","VPS33B Late Endosome And Lysosome Associated","Protein Coding","Q9H267","54","GC15M090998","4.51081705093384","https://www.genecards.org/cgi-bin/carddisp.pl?gene=VPS33B"
"ATF3","Activating Transcription Factor 3","Protein Coding","P18847","57","GC01P212565","4.50760650634766","https://www.genecards.org/cgi-bin/carddisp.pl?gene=ATF3"
"HCCS","Holocytochrome C Synthase","Protein Coding","P53701","55","GC0XP011111","4.50660037994385","https://www.genecards.org/cgi-bin/carddisp.pl?gene=HCCS"
"PIP5K1C","Phosphatidylinositol-4-Phosphate 5-Kinase Type 1 Gamma","Protein Coding","O60331","59","GC19M100001","4.50620794296265","https://www.genecards.org/cgi-bin/carddisp.pl?gene=PIP5K1C"
"GMPR2","Guanosine Monophosphate Reductase 2","Protein Coding","Q9P2T1","44","GC14P024232","4.48039150238037","https://www.genecards.org/cgi-bin/carddisp.pl?gene=GMPR2"
"UQCRC2","Ubiquinol-Cytochrome C Reductase Core Protein 2","Protein Coding","P22695","58","GC16P104592","4.47030067443848","https://www.genecards.org/cgi-bin/carddisp.pl?gene=UQCRC2"
"CYP2D6","Cytochrome P450 Family 2 Subfamily D Member 6","Protein Coding","P10635","60","GC22M042126","4.46840906143188","https://www.genecards.org/cgi-bin/carddisp.pl?gene=CYP2D6"
"PPIG","Peptidylprolyl Isomerase G","Protein Coding","Q13427","52","GC02P169584","4.46311378479004","https://www.genecards.org/cgi-bin/carddisp.pl?gene=PPIG"
"PADI2","Peptidyl Arginine Deiminase 2","Protein Coding","Q9Y2J8","55","GC01M017066","4.46173667907715","https://www.genecards.org/cgi-bin/carddisp.pl?gene=PADI2"
"GALT","Galactose-1-Phosphate Uridylyltransferase","Protein Coding","P07902","59","GC09P060027","4.46064424514771","https://www.genecards.org/cgi-bin/carddisp.pl?gene=GALT"
"RHO","Rhodopsin","Protein Coding","P08100","60","GC03P140890","4.44642782211304","https://www.genecards.org/cgi-bin/carddisp.pl?gene=RHO"
"CALB1","Calbindin 1","Protein Coding","P05937","55","GC08M090058","4.44526243209839","https://www.genecards.org/cgi-bin/carddisp.pl?gene=CALB1"
"TJP2","Tight Junction Protein 2","Protein Coding","Q9UDY2","57","GC09P069121","4.43608570098877","https://www.genecards.org/cgi-bin/carddisp.pl?gene=TJP2"
"TGM4","Transglutaminase 4","Protein Coding","P49221","50","GC03P044874","4.40943431854248","https://www.genecards.org/cgi-bin/carddisp.pl?gene=TGM4"
"EDN1","Endothelin 1","Protein Coding","P05305","61","GC06P012497","4.40331602096558","https://www.genecards.org/cgi-bin/carddisp.pl?gene=EDN1"
"CPOX","Coproporphyrinogen Oxidase","Protein Coding","P36551","57","GC03M098576","4.3981819152832","https://www.genecards.org/cgi-bin/carddisp.pl?gene=CPOX"
"HSPB2","Heat Shock Protein Family B (Small) Member 2","Protein Coding","Q16082","51","GC11P112732","4.38958072662354","https://www.genecards.org/cgi-bin/carddisp.pl?gene=HSPB2"
"DICER1","Dicer 1, Ribonuclease III","Protein Coding","Q9UPY3","61","GC14M095086","4.38763761520386","https://www.genecards.org/cgi-bin/carddisp.pl?gene=DICER1"
"CYBA","Cytochrome B-245 Alpha Chain","Protein Coding","P13498","58","GC16M088643","4.37371015548706","https://www.genecards.org/cgi-bin/carddisp.pl?gene=CYBA"
"DCTD","DCMP Deaminase","Protein Coding","P32321","51","GC04M182890","4.37240839004517","https://www.genecards.org/cgi-bin/carddisp.pl?gene=DCTD"
"TGM3","Transglutaminase 3","Protein Coding","Q08188","54","GC20P002296","4.36758899688721","https://www.genecards.org/cgi-bin/carddisp.pl?gene=TGM3"
"APOBEC3B","Apolipoprotein B MRNA Editing Enzyme Catalytic Subunit 3B","Protein Coding","Q9UH17","50","GC22P038982","4.3554048538208","https://www.genecards.org/cgi-bin/carddisp.pl?gene=APOBEC3B"
"KCNB1","Potassium Voltage-Gated Channel Subfamily B Member 1","Protein Coding","Q14721","59","GC20M049293","4.35186767578125","https://www.genecards.org/cgi-bin/carddisp.pl?gene=KCNB1"
"F10","Coagulation Factor X","Protein Coding","P00742","63","GC13P113122","4.3457236289978","https://www.genecards.org/cgi-bin/carddisp.pl?gene=F10"
"MATR3","Matrin 3","Protein Coding","P43243","55","GC05P139274","4.3445782661438","https://www.genecards.org/cgi-bin/carddisp.pl?gene=MATR3"
"RNU4ATAC","RNA, U4atac Small Nuclear","RNA Gene","","28","GC02P148731","4.34041023254395","https://www.genecards.org/cgi-bin/carddisp.pl?gene=RNU4ATAC"
"COMT","Catechol-O-Methyltransferase","Protein Coding","P21964","63","GC22P019941","4.33398818969727","https://www.genecards.org/cgi-bin/carddisp.pl?gene=COMT"
"ATP1A1","ATPase Na+/K+ Transporting Subunit Alpha 1","Protein Coding","P05023","62","GC01P116372","4.3222451210022","https://www.genecards.org/cgi-bin/carddisp.pl?gene=ATP1A1"
"INPP4A","Inositol Polyphosphate-4-Phosphatase Type I A","Protein Coding","Q96PE3","54","GC02P098800","4.32028341293335","https://www.genecards.org/cgi-bin/carddisp.pl?gene=INPP4A"
"IBA57","Iron-Sulfur Cluster Assembly Factor IBA57","Protein Coding","Q5T440","48","GC01P228165","4.31774711608887","https://www.genecards.org/cgi-bin/carddisp.pl?gene=IBA57"
"PRRT2","Proline Rich Transmembrane Protein 2","Protein Coding","Q7Z6L0","52","GC16P029811","4.31657600402832","https://www.genecards.org/cgi-bin/carddisp.pl?gene=PRRT2"
"CDKN1C","Cyclin Dependent Kinase Inhibitor 1C","Protein Coding","P49918","58","GC11M013326","4.30410432815552","https://www.genecards.org/cgi-bin/carddisp.pl?gene=CDKN1C"
"CUL1","Cullin 1","Protein Coding","Q13616","58","GC07P148697","4.30348205566406","https://www.genecards.org/cgi-bin/carddisp.pl?gene=CUL1"
"BCKDK","Branched Chain Keto Acid Dehydrogenase Kinase","Protein Coding","O14874","58","GC16P105008","4.29484939575195","https://www.genecards.org/cgi-bin/carddisp.pl?gene=BCKDK"
"RIMS1","Regulating Synaptic Membrane Exocytosis 1","Protein Coding","Q86UR5","54","GC06P071886","4.28994560241699","https://www.genecards.org/cgi-bin/carddisp.pl?gene=RIMS1"
"CDKN2B","Cyclin Dependent Kinase Inhibitor 2B","Protein Coding","P42772","58","GC09M022002","4.28993892669678","https://www.genecards.org/cgi-bin/carddisp.pl?gene=CDKN2B"
"RNF207","Ring Finger Protein 207","Protein Coding","Q6ZRF8","46","GC01P006205","4.28907060623169","https://www.genecards.org/cgi-bin/carddisp.pl?gene=RNF207"
"AUH","AU RNA Binding Methylglutaconyl-CoA Hydratase","Protein Coding","Q13825","55","GC09M091213","4.28218078613281","https://www.genecards.org/cgi-bin/carddisp.pl?gene=AUH"
"PRODH","Proline Dehydrogenase 1","Protein Coding","O43272","56","GC22M018912","4.27695178985596","https://www.genecards.org/cgi-bin/carddisp.pl?gene=PRODH"
"PHKA1","Phosphorylase Kinase Regulatory Subunit Alpha 1","Protein Coding","P46020","54","GC0XM072578","4.27494716644287","https://www.genecards.org/cgi-bin/carddisp.pl?gene=PHKA1"
"LONP1","Lon Peptidase 1, Mitochondrial","Protein Coding","P36776","58","GC19M005691","4.27043771743774","https://www.genecards.org/cgi-bin/carddisp.pl?gene=LONP1"
"GNPDA1","Glucosamine-6-Phosphate Deaminase 1","Protein Coding","P46926","45","GC05M141991","4.25640439987183","https://www.genecards.org/cgi-bin/carddisp.pl?gene=GNPDA1"
"CA2","Carbonic Anhydrase 2","Protein Coding","P00918","64","GC08P085463","4.25450420379639","https://www.genecards.org/cgi-bin/carddisp.pl?gene=CA2"
"CALCA","Calcitonin Related Polypeptide Alpha","Protein Coding","P06881","56","GC11M014966","4.24563932418823","https://www.genecards.org/cgi-bin/carddisp.pl?gene=CALCA"
"ATP5F1E","ATP Synthase F1 Subunit Epsilon","Protein Coding","P56381","54","GC20M059026","4.24552774429321","https://www.genecards.org/cgi-bin/carddisp.pl?gene=ATP5F1E"
"DNASE1","Deoxyribonuclease 1","Protein Coding","P24855","56","GC16P003611","4.23470449447632","https://www.genecards.org/cgi-bin/carddisp.pl?gene=DNASE1"
"LDHA","Lactate Dehydrogenase A","Protein Coding","P00338","63","GC11P018394","4.23410892486572","https://www.genecards.org/cgi-bin/carddisp.pl?gene=LDHA"
"LRFN4","Leucine Rich Repeat And Fibronectin Type III Domain Containing 4","Protein Coding","Q6PJG9","48","GC11P066856","4.23393630981445","https://www.genecards.org/cgi-bin/carddisp.pl?gene=LRFN4"
"AHCY","Adenosylhomocysteinase","Protein Coding","P23526","61","GC20M035962","4.23189830780029","https://www.genecards.org/cgi-bin/carddisp.pl?gene=AHCY"
"MIR183","MicroRNA 183","RNA Gene","","27","GC07M129892","4.23008251190186","https://www.genecards.org/cgi-bin/carddisp.pl?gene=MIR183"
"INPPL1","Inositol Polyphosphate Phosphatase Like 1","Protein Coding","O15357","60","GC11P072223","4.2287859916687","https://www.genecards.org/cgi-bin/carddisp.pl?gene=INPPL1"
"ABCD4","ATP Binding Cassette Subfamily D Member 4","Protein Coding","O14678","54","GC14M074285","4.22035789489746","https://www.genecards.org/cgi-bin/carddisp.pl?gene=ABCD4"
"SPINK1","Serine Peptidase Inhibitor Kazal Type 1","Protein Coding","P00995","54","GC05M147825","4.21845579147339","https://www.genecards.org/cgi-bin/carddisp.pl?gene=SPINK1"
"QPCTL","Glutaminyl-Peptide Cyclotransferase Like","Protein Coding","Q9NXS2","40","GC19P045692","4.21821880340576","https://www.genecards.org/cgi-bin/carddisp.pl?gene=QPCTL"
"GAREM2","GRB2 Associated Regulator Of MAPK1 Subtype 2","Protein Coding","Q75VX8","40","GC02P026855","4.21134805679321","https://www.genecards.org/cgi-bin/carddisp.pl?gene=GAREM2"
"BCL2A1","BCL2 Related Protein A1","Protein Coding","Q16548","53","GC15M155729","4.21041965484619","https://www.genecards.org/cgi-bin/carddisp.pl?gene=BCL2A1"
"MOCS1","Molybdenum Cofactor Synthesis 1","Protein Coding","Q9NZB8","54","GC06M039899","4.20612382888794","https://www.genecards.org/cgi-bin/carddisp.pl?gene=MOCS1"
"UQCRQ","Ubiquinol-Cytochrome C Reductase Complex III Subunit VII","Protein Coding","O14949","53","GC05P132866","4.2042818069458","https://www.genecards.org/cgi-bin/carddisp.pl?gene=UQCRQ"
"CEBPB","CCAAT Enhancer Binding Protein Beta","Protein Coding","P17676","57","GC20P050190","4.20302391052246","https://www.genecards.org/cgi-bin/carddisp.pl?gene=CEBPB"
"RHD","Rh Blood Group D Antigen","Protein Coding","Q02161","53","GC01P025272","4.20091438293457","https://www.genecards.org/cgi-bin/carddisp.pl?gene=RHD"
"SYP","Synaptophysin","Protein Coding","P08247","59","GC0XM049187","4.20079135894775","https://www.genecards.org/cgi-bin/carddisp.pl?gene=SYP"
"MBP","Myelin Basic Protein","Protein Coding","P02686","57","GC18M076978","4.20018196105957","https://www.genecards.org/cgi-bin/carddisp.pl?gene=MBP"
"MCEE","Methylmalonyl-CoA Epimerase","Protein Coding","Q96PE7","52","GC02M071110","4.18879985809326","https://www.genecards.org/cgi-bin/carddisp.pl?gene=MCEE"
"UNC13D","Unc-13 Homolog D","Protein Coding","Q70J99","56","GC17M075827","4.18839168548584","https://www.genecards.org/cgi-bin/carddisp.pl?gene=UNC13D"
"GPI","Glucose-6-Phosphate Isomerase","Protein Coding","P06744","59","GC19P034359","4.18075132369995","https://www.genecards.org/cgi-bin/carddisp.pl?gene=GPI"
"APOBEC3C","Apolipoprotein B MRNA Editing Enzyme Catalytic Subunit 3C","Protein Coding","Q9NRW3","44","GC22P039014","4.17505788803101","https://www.genecards.org/cgi-bin/carddisp.pl?gene=APOBEC3C"
"CNGA3","Cyclic Nucleotide Gated Channel Subunit Alpha 3","Protein Coding","Q16281","54","GC02P098669","4.1727237701416","https://www.genecards.org/cgi-bin/carddisp.pl?gene=CNGA3"
"LOC130006142","ATAC-STARR-Seq Lymphoblastoid Active Region 5058","Functional Element","","8","GC11P101985","4.14830207824707","https://www.genecards.org/cgi-bin/carddisp.pl?gene=LOC130006142"
"OXA1L","OXA1L Mitochondrial Inner Membrane Protein","Protein Coding","Q15070","50","GC14P022766","4.14469575881958","https://www.genecards.org/cgi-bin/carddisp.pl?gene=OXA1L"
"CYP21A2","Cytochrome P450 Family 21 Subfamily A Member 2","Protein Coding","P08686","55","GC06P156268","4.13071298599243","https://www.genecards.org/cgi-bin/carddisp.pl?gene=CYP21A2"
"LINC01554","Long Intergenic Non-Protein Coding RNA 1554","RNA Gene","Q52M75","31","GC05P095838","4.12930583953857","https://www.genecards.org/cgi-bin/carddisp.pl?gene=LINC01554"
"LRP2","LDL Receptor Related Protein 2","Protein Coding","P98164","61","GC02M169127","4.09867429733276","https://www.genecards.org/cgi-bin/carddisp.pl?gene=LRP2"
"RRAGC","Ras Related GTP Binding C","Protein Coding","Q9HB90","53","GC01M039017","4.09200000762939","https://www.genecards.org/cgi-bin/carddisp.pl?gene=RRAGC"
"IKZF1","IKAROS Family Zinc Finger 1","Protein Coding","Q13422","61","GC07P050303","4.06778717041016","https://www.genecards.org/cgi-bin/carddisp.pl?gene=IKZF1"
"C5","Complement C5","Protein Coding","P01031","59","GC09M120933","4.06640005111694","https://www.genecards.org/cgi-bin/carddisp.pl?gene=C5"
"BCAT2","Branched Chain Amino Acid Transaminase 2","Protein Coding","O15382","57","GC19M048795","4.05336284637451","https://www.genecards.org/cgi-bin/carddisp.pl?gene=BCAT2"
"AGXT","Alanine--Glyoxylate Aminotransferase","Protein Coding","P21549","58","GC02P240868","4.04563665390015","https://www.genecards.org/cgi-bin/carddisp.pl?gene=AGXT"
"SC5D","Sterol-C5-Desaturase","Protein Coding","O75845","52","GC11P121292","4.03861141204834","https://www.genecards.org/cgi-bin/carddisp.pl?gene=SC5D"
"CARS2","Cysteinyl-TRNA Synthetase 2, Mitochondrial","Protein Coding","Q9HA77","52","GC13M110641","4.03749370574951","https://www.genecards.org/cgi-bin/carddisp.pl?gene=CARS2"
"GRIN2C","Glutamate Ionotropic Receptor NMDA Type Subunit 2C","Protein Coding","Q14957","57","GC17M074842","4.02659845352173","https://www.genecards.org/cgi-bin/carddisp.pl?gene=GRIN2C"
"NCF2","Neutrophil Cytosolic Factor 2","Protein Coding","P19878","60","GC01M186360","4.01806259155273","https://www.genecards.org/cgi-bin/carddisp.pl?gene=NCF2"
"CEP89","Centrosomal Protein 89","Protein Coding","Q96ST8","47","GC19M100849","4.00628995895386","https://www.genecards.org/cgi-bin/carddisp.pl?gene=CEP89"
"ABCG2","ATP Binding Cassette Subfamily G Member 2 (JR Blood Group)","Protein Coding","Q9UNQ0","62","GC04M088090","4.00300359725952","https://www.genecards.org/cgi-bin/carddisp.pl?gene=ABCG2"
"NANS","N-Acetylneuraminate Synthase","Protein Coding","Q9NR45","54","GC09P098056","4.00287866592407","https://www.genecards.org/cgi-bin/carddisp.pl?gene=NANS"
"CHM","CHM Rab Escort Protein","Protein Coding","P24386","53","GC0XM085861","4.00149345397949","https://www.genecards.org/cgi-bin/carddisp.pl?gene=CHM"
"CYP2B6","Cytochrome P450 Family 2 Subfamily B Member 6","Protein Coding","P20813","58","GC19P040991","3.99438714981079","https://www.genecards.org/cgi-bin/carddisp.pl?gene=CYP2B6"
"YBX1","Y-Box Binding Protein 1","Protein Coding","P67809","53","GC01P042682","3.9891529083252","https://www.genecards.org/cgi-bin/carddisp.pl?gene=YBX1"
"HIBCH","3-Hydroxyisobutyryl-CoA Hydrolase","Protein Coding","Q6NVY1","54","GC02M190189","3.98461580276489","https://www.genecards.org/cgi-bin/carddisp.pl?gene=HIBCH"
"LINC00472","Long Intergenic Non-Protein Coding RNA 472","RNA Gene","Q9H8W2","36","GC06M101795","3.95692729949951","https://www.genecards.org/cgi-bin/carddisp.pl?gene=LINC00472"
"VTN","Vitronectin","Protein Coding","P04004","56","GC17M088839","3.94980263710022","https://www.genecards.org/cgi-bin/carddisp.pl?gene=VTN"
"PADI3","Peptidyl Arginine Deiminase 3","Protein Coding","Q9ULW8","51","GC01P017249","3.94909715652466","https://www.genecards.org/cgi-bin/carddisp.pl?gene=PADI3"
"TGM7","Transglutaminase 7","Protein Coding","Q96PF1","41","GC15M043276","3.9391074180603","https://www.genecards.org/cgi-bin/carddisp.pl?gene=TGM7"
"KITLG","KIT Ligand","Protein Coding","P21583","60","GC12M088492","3.93489718437195","https://www.genecards.org/cgi-bin/carddisp.pl?gene=KITLG"
"TCF3","Transcription Factor 3","Protein Coding","P15923","59","GC19M001609","3.92482662200928","https://www.genecards.org/cgi-bin/carddisp.pl?gene=TCF3"
"AKR1D1","Aldo-Keto Reductase Family 1 Member D1","Protein Coding","P51857","55","GC07P139259","3.91771173477173","https://www.genecards.org/cgi-bin/carddisp.pl?gene=AKR1D1"
"APOBEC3D","Apolipoprotein B MRNA Editing Enzyme Catalytic Subunit 3D","Protein Coding","Q96AK3","40","GC22P039021","3.90363669395447","https://www.genecards.org/cgi-bin/carddisp.pl?gene=APOBEC3D"
"APOBEC3H","Apolipoprotein B MRNA Editing Enzyme Catalytic Subunit 3H","Protein Coding","Q6NTF7","40","GC22P039097","3.90363669395447","https://www.genecards.org/cgi-bin/carddisp.pl?gene=APOBEC3H"
"RAB4B-EGLN2","RAB4B-EGLN2 Readthrough (NMD Candidate)","RNA Gene","","20","GC19P040778","3.90249466896057","https://www.genecards.org/cgi-bin/carddisp.pl?gene=RAB4B-EGLN2"
"CHKB-CPT1B","CHKB-CPT1B Readthrough (NMD Candidate)","RNA Gene","","25","GC22M050568","3.9010910987854","https://www.genecards.org/cgi-bin/carddisp.pl?gene=CHKB-CPT1B"
"PRDX2","Peroxiredoxin 2","Protein Coding","P32119","59","GC19M012796","3.87440776824951","https://www.genecards.org/cgi-bin/carddisp.pl?gene=PRDX2"
"GCG","Glucagon","Protein Coding","P01275","54","GC02M162142","3.86190104484558","https://www.genecards.org/cgi-bin/carddisp.pl?gene=GCG"
"ACTG1","Actin Gamma 1","Protein Coding","P63261","60","GC17M081509","3.86120295524597","https://www.genecards.org/cgi-bin/carddisp.pl?gene=ACTG1"
"CYP2E1","Cytochrome P450 Family 2 Subfamily E Member 1","Protein Coding","P05181","58","GC10P133520","3.85366368293762","https://www.genecards.org/cgi-bin/carddisp.pl?gene=CYP2E1"
"EIF2AK4","Eukaryotic Translation Initiation Factor 2 Alpha Kinase 4","Protein Coding","Q9P2K8","57","GC15P039934","3.85263442993164","https://www.genecards.org/cgi-bin/carddisp.pl?gene=EIF2AK4"
"CFI","Complement Factor I","Protein Coding","P05156","59","GC04M109732","3.85068464279175","https://www.genecards.org/cgi-bin/carddisp.pl?gene=CFI"
"NLRP12","NLR Family Pyrin Domain Containing 12","Protein Coding","P59046","55","GC19M053793","3.83734655380249","https://www.genecards.org/cgi-bin/carddisp.pl?gene=NLRP12"
"NPHP1","Nephrocystin 1","Protein Coding","O15259","55","GC02M110122","3.83509707450867","https://www.genecards.org/cgi-bin/carddisp.pl?gene=NPHP1"
"HSP90AB1","Heat Shock Protein 90 Alpha Family Class B Member 1","Protein Coding","P08238","62","GC06P044246","3.82120895385742","https://www.genecards.org/cgi-bin/carddisp.pl?gene=HSP90AB1"
"MTTP","Microsomal Triglyceride Transfer Protein","Protein Coding","P55157","57","GC04P099563","3.81157231330872","https://www.genecards.org/cgi-bin/carddisp.pl?gene=MTTP"
"LMBRD1","LMBR1 Domain Containing 1","Protein Coding","Q9NUN5","52","GC06M100802","3.804682970047","https://www.genecards.org/cgi-bin/carddisp.pl?gene=LMBRD1"
"PWAR1","Prader Willi/Angelman Region RNA 1","RNA Gene","","23","GC15P025135","3.8014988899231","https://www.genecards.org/cgi-bin/carddisp.pl?gene=PWAR1"
"MAP3K15","Mitogen-Activated Protein Kinase Kinase Kinase 15","Protein Coding","Q6ZN16","47","GC0XM019360","3.79825258255005","https://www.genecards.org/cgi-bin/carddisp.pl?gene=MAP3K15"
"RBX1","Ring-Box 1","Protein Coding","P62877","56","GC22P040951","3.7896990776062","https://www.genecards.org/cgi-bin/carddisp.pl?gene=RBX1"
"VCAM1","Vascular Cell Adhesion Molecule 1","Protein Coding","P19320","58","GC01P100719","3.78749513626099","https://www.genecards.org/cgi-bin/carddisp.pl?gene=VCAM1"
"RPSA","Ribosomal Protein SA","Protein Coding","P08865","59","GC03P039406","3.78403687477112","https://www.genecards.org/cgi-bin/carddisp.pl?gene=RPSA"
"SLC25A38","Solute Carrier Family 25 Member 38","Protein Coding","Q96DW6","49","GC03P041196","3.78194093704224","https://www.genecards.org/cgi-bin/carddisp.pl?gene=SLC25A38"
"ENO2","Enolase 2","Protein Coding","P09104","60","GC12P006913","3.76468229293823","https://www.genecards.org/cgi-bin/carddisp.pl?gene=ENO2"
"ABCC2","ATP Binding Cassette Subfamily C Member 2","Protein Coding","Q92887","61","GC10P099782","3.75989675521851","https://www.genecards.org/cgi-bin/carddisp.pl?gene=ABCC2"
"CUBN","Cubilin","Protein Coding","O60494","58","GC10M016824","3.7568039894104","https://www.genecards.org/cgi-bin/carddisp.pl?gene=CUBN"
"PRKCB","Protein Kinase C Beta","Protein Coding","P05771","62","GC16P104638","3.73849940299988","https://www.genecards.org/cgi-bin/carddisp.pl?gene=PRKCB"
"H6PD","Hexose-6-Phosphate Dehydrogenase/Glucose 1-Dehydrogenase","Protein Coding","O95479","55","GC01P009234","3.72572803497314","https://www.genecards.org/cgi-bin/carddisp.pl?gene=H6PD"
"CD79A","CD79a Molecule","Protein Coding","P11912","61","GC19P041877","3.71181988716125","https://www.genecards.org/cgi-bin/carddisp.pl?gene=CD79A"
"MSTO1","Misato Mitochondrial Distribution And Morphology Regulator 1","Protein Coding","Q9BUK6","51","GC01P170498","3.71056318283081","https://www.genecards.org/cgi-bin/carddisp.pl?gene=MSTO1"
"PNPLA6","Patatin Like Phospholipase Domain Containing 6","Protein Coding","Q8IY17","56","GC19P007534","3.70789813995361","https://www.genecards.org/cgi-bin/carddisp.pl?gene=PNPLA6"
"SNRPB","Small Nuclear Ribonucleoprotein Polypeptides B And B1","Protein Coding","P14678","54","GC20M002461","3.69678974151611","https://www.genecards.org/cgi-bin/carddisp.pl?gene=SNRPB"
"ATP5MK","ATP Synthase Membrane Subunit K","Protein Coding","Q96IX5","46","GC10M103397","3.69440269470215","https://www.genecards.org/cgi-bin/carddisp.pl?gene=ATP5MK"
"ARHGDIA","Rho GDP Dissociation Inhibitor Alpha","Protein Coding","P52565","59","GC17M081867","3.69264721870422","https://www.genecards.org/cgi-bin/carddisp.pl?gene=ARHGDIA"
"SLC25A2","Solute Carrier Family 25 Member 2","Protein Coding","Q9BXI2","43","GC05M141302","3.69122457504272","https://www.genecards.org/cgi-bin/carddisp.pl?gene=SLC25A2"
"TACO1","Translational Activator Of Cytochrome C Oxidase I","Protein Coding","Q9BSH4","52","GC17P063600","3.67902541160583","https://www.genecards.org/cgi-bin/carddisp.pl?gene=TACO1"
"TPM2","Tropomyosin 2","Protein Coding","P07951","59","GC09M035672","3.67390608787537","https://www.genecards.org/cgi-bin/carddisp.pl?gene=TPM2"
"AQP1","Aquaporin 1 (Colton Blood Group)","Protein Coding","P29972","60","GC07P030911","3.67296576499939","https://www.genecards.org/cgi-bin/carddisp.pl?gene=AQP1"
"CERKL","Ceramide Kinase Like","Protein Coding","Q49MI3","50","GC02M181536","3.65995955467224","https://www.genecards.org/cgi-bin/carddisp.pl?gene=CERKL"
"HNRNPA2B1","Heterogeneous Nuclear Ribonucleoprotein A2/B1","Protein Coding","P22626","59","GC07M026174","3.65813302993774","https://www.genecards.org/cgi-bin/carddisp.pl?gene=HNRNPA2B1"
"CYP1A2","Cytochrome P450 Family 1 Subfamily A Member 2","Protein Coding","P05177","58","GC15P074748","3.65479779243469","https://www.genecards.org/cgi-bin/carddisp.pl?gene=CYP1A2"
"NOX4","NADPH Oxidase 4","Protein Coding","Q9NPH5","55","GC11M089324","3.65441727638245","https://www.genecards.org/cgi-bin/carddisp.pl?gene=NOX4"
"USH2A","Usherin","Protein Coding","O75445","50","GC01M215622","3.64830708503723","https://www.genecards.org/cgi-bin/carddisp.pl?gene=USH2A"
"S100A8","S100 Calcium Binding Protein A8","Protein Coding","P05109","54","GC01M165010","3.63959074020386","https://www.genecards.org/cgi-bin/carddisp.pl?gene=S100A8"
"ACP1","Acid Phosphatase 1","Protein Coding","P24666","55","GC02P001030","3.63001894950867","https://www.genecards.org/cgi-bin/carddisp.pl?gene=ACP1"
"HPD","4-Hydroxyphenylpyruvate Dioxygenase","Protein Coding","P32754","58","GC12M121839","3.62989377975464","https://www.genecards.org/cgi-bin/carddisp.pl?gene=HPD"
"FN1","Fibronectin 1","Protein Coding","P02751","63","GC02M215360","3.62921953201294","https://www.genecards.org/cgi-bin/carddisp.pl?gene=FN1"
"SIRT3","Sirtuin 3","Protein Coding","Q9NTG7","60","GC11M000215","3.62416338920593","https://www.genecards.org/cgi-bin/carddisp.pl?gene=SIRT3"
"SLC1A4","Solute Carrier Family 1 Member 4","Protein Coding","P43007","56","GC02P064988","3.6217200756073","https://www.genecards.org/cgi-bin/carddisp.pl?gene=SLC1A4"
"ALDH2","Aldehyde Dehydrogenase 2 Family Member","Protein Coding","P05091","63","GC12P111766","3.61705541610718","https://www.genecards.org/cgi-bin/carddisp.pl?gene=ALDH2"
"SYNJ1","Synaptojanin 1","Protein Coding","O43426","57","GC21M032628","3.61676502227783","https://www.genecards.org/cgi-bin/carddisp.pl?gene=SYNJ1"
"SLC7A6","Solute Carrier Family 7 Member 6","Protein Coding","Q92536","51","GC16P105924","3.60452151298523","https://www.genecards.org/cgi-bin/carddisp.pl?gene=SLC7A6"
"PRDX6","Peroxiredoxin 6","Protein Coding","P30041","59","GC01P173477","3.60186386108398","https://www.genecards.org/cgi-bin/carddisp.pl?gene=PRDX6"
"DPAGT1","Dolichyl-Phosphate N-Acetylglucosaminephosphotransferase 1","Protein Coding","Q9H3H5","56","GC11M133879","3.60128712654114","https://www.genecards.org/cgi-bin/carddisp.pl?gene=DPAGT1"
"PDHX","Pyruvate Dehydrogenase Complex Component X","Protein Coding","O00330","59","GC11P034894","3.59312319755554","https://www.genecards.org/cgi-bin/carddisp.pl?gene=PDHX"
"SLC6A6","Solute Carrier Family 6 Member 6","Protein Coding","P31641","57","GC03P014402","3.59169578552246","https://www.genecards.org/cgi-bin/carddisp.pl?gene=SLC6A6"
"CAMP","Cathelicidin Antimicrobial Peptide","Protein Coding","P49913","53","GC03P061472","3.58360409736633","https://www.genecards.org/cgi-bin/carddisp.pl?gene=CAMP"
"AASS","Aminoadipate-Semialdehyde Synthase","Protein Coding","Q9UDR5","54","GC07M122073","3.57728719711304","https://www.genecards.org/cgi-bin/carddisp.pl?gene=AASS"
"THNSL2","Threonine Synthase Like 2","Protein Coding","Q86YJ6","39","GC02P088170","3.5676167011261","https://www.genecards.org/cgi-bin/carddisp.pl?gene=THNSL2"
"NDUFAF1","NADH:Ubiquinone Oxidoreductase Complex Assembly Factor 1","Protein Coding","Q9Y375","53","GC15M041387","3.56348752975464","https://www.genecards.org/cgi-bin/carddisp.pl?gene=NDUFAF1"
"GALE","UDP-Galactose-4-Epimerase","Protein Coding","Q14376","55","GC01M023795","3.55895161628723","https://www.genecards.org/cgi-bin/carddisp.pl?gene=GALE"
"DBH","Dopamine Beta-Hydroxylase","Protein Coding","P09172","64","GC09P133636","3.54560160636902","https://www.genecards.org/cgi-bin/carddisp.pl?gene=DBH"
"TMEM67","Transmembrane Protein 67","Protein Coding","Q5HYA8","52","GC08P093754","3.54250144958496","https://www.genecards.org/cgi-bin/carddisp.pl?gene=TMEM67"
"APPL1","Adaptor Protein, Phosphotyrosine Interacting With PH Domain And Leucine Zipper 1","Protein Coding","Q9UKG1","57","GC03P057227","3.53602504730225","https://www.genecards.org/cgi-bin/carddisp.pl?gene=APPL1"
"OXCT1","3-Oxoacid CoA-Transferase 1","Protein Coding","P55809","58","GC05M041732","3.52807641029358","https://www.genecards.org/cgi-bin/carddisp.pl?gene=OXCT1"
"RAB8A","RAB8A, Member RAS Oncogene Family","Protein Coding","P61006","52","GC19P016111","3.51679277420044","https://www.genecards.org/cgi-bin/carddisp.pl?gene=RAB8A"
"SORT1","Sortilin 1","Protein Coding","Q99523","58","GC01M109310","3.51066398620605","https://www.genecards.org/cgi-bin/carddisp.pl?gene=SORT1"
"KLK3","Kallikrein Related Peptidase 3","Protein Coding","P07288","59","GC19P050854","3.4994113445282","https://www.genecards.org/cgi-bin/carddisp.pl?gene=KLK3"
"SNORD15A","Small Nucleolar RNA, C/D Box 15A","RNA Gene","","25","GC11P075400","3.49823141098022","https://www.genecards.org/cgi-bin/carddisp.pl?gene=SNORD15A"
"MAK","Male Germ Cell Associated Kinase","Protein Coding","P20794","55","GC06M010762","3.49483919143677","https://www.genecards.org/cgi-bin/carddisp.pl?gene=MAK"
"STX11","Syntaxin 11","Protein Coding","O75558","53","GC06P163498","3.48653602600098","https://www.genecards.org/cgi-bin/carddisp.pl?gene=STX11"
"COLQ","Collagen Like Tail Subunit Of Asymmetric Acetylcholinesterase","Protein Coding","Q9Y215","51","GC03M027432","3.48161315917969","https://www.genecards.org/cgi-bin/carddisp.pl?gene=COLQ"
"CNGB3","Cyclic Nucleotide Gated Channel Subunit Beta 3","Protein Coding","Q9NQW8","52","GC08M086553","3.47868084907532","https://www.genecards.org/cgi-bin/carddisp.pl?gene=CNGB3"
"SKP1","S-Phase Kinase Associated Protein 1","Protein Coding","P63208","56","GC05M134148","3.47736763954163","https://www.genecards.org/cgi-bin/carddisp.pl?gene=SKP1"
"P4HB","Prolyl 4-Hydroxylase Subunit Beta","Protein Coding","P07237","62","GC17M081843","3.47603750228882","https://www.genecards.org/cgi-bin/carddisp.pl?gene=P4HB"
"OGG1","8-Oxoguanine DNA Glycosylase","Protein Coding","O15527","59","GC03P024175","3.47428798675537","https://www.genecards.org/cgi-bin/carddisp.pl?gene=OGG1"
"DLEU2","Deleted In Lymphocytic Leukemia 2","RNA Gene","","31","GC13M049913","3.47322416305542","https://www.genecards.org/cgi-bin/carddisp.pl?gene=DLEU2"
"PVALB","Parvalbumin","Protein Coding","P20472","52","GC22M036800","3.46732711791992","https://www.genecards.org/cgi-bin/carddisp.pl?gene=PVALB"
"RNY5","RNA, Ro60-Associated Y5","RNA Gene","","17","GC07P148941","3.45593595504761","https://www.genecards.org/cgi-bin/carddisp.pl?gene=RNY5"
"TMEM126B","Transmembrane Protein 126B","Protein Coding","Q8IUX1","50","GC11P085628","3.45278477668762","https://www.genecards.org/cgi-bin/carddisp.pl?gene=TMEM126B"
"DHFR","Dihydrofolate Reductase","Protein Coding","P00374","61","GC05M080626","3.44529604911804","https://www.genecards.org/cgi-bin/carddisp.pl?gene=DHFR"
"TUBB","Tubulin Beta Class I","Protein Coding","P07437","62","GC06P156224","3.44207835197449","https://www.genecards.org/cgi-bin/carddisp.pl?gene=TUBB"
"DRD3","Dopamine Receptor D3","Protein Coding","P35462","56","GC03M114128","3.43910551071167","https://www.genecards.org/cgi-bin/carddisp.pl?gene=DRD3"
"GFM2","GTP Dependent Ribosome Recycling Factor Mitochondrial 2","Protein Coding","Q969S9","52","GC05M074721","3.41281318664551","https://www.genecards.org/cgi-bin/carddisp.pl?gene=GFM2"
"NCAM1","Neural Cell Adhesion Molecule 1","Protein Coding","P13591","61","GC11P112961","3.4084484577179","https://www.genecards.org/cgi-bin/carddisp.pl?gene=NCAM1"
"PIKFYVE","Phosphoinositide Kinase, FYVE-Type Zinc Finger Containing","Protein Coding","Q9Y2I7","62","GC02P208266","3.40777826309204","https://www.genecards.org/cgi-bin/carddisp.pl?gene=PIKFYVE"
"ACAT1","Acetyl-CoA Acetyltransferase 1","Protein Coding","P24752","63","GC11P108121","3.40761685371399","https://www.genecards.org/cgi-bin/carddisp.pl?gene=ACAT1"
"RPGRIP1L","RPGRIP1 Like","Protein Coding","Q68CZ1","54","GC16M053759","3.40127658843994","https://www.genecards.org/cgi-bin/carddisp.pl?gene=RPGRIP1L"
"SEC61A1","SEC61 Translocon Subunit Alpha 1","Protein Coding","P61619","54","GC03P128051","3.39067411422729","https://www.genecards.org/cgi-bin/carddisp.pl?gene=SEC61A1"
"SLC25A10","Solute Carrier Family 25 Member 10","Protein Coding","Q9UBX3","56","GC17P081712","3.38715791702271","https://www.genecards.org/cgi-bin/carddisp.pl?gene=SLC25A10"
"MARS1","Methionyl-TRNA Synthetase 1","Protein Coding","P56192","58","GC12P065436","3.38551831245422","https://www.genecards.org/cgi-bin/carddisp.pl?gene=MARS1"
"SLC5A1","Solute Carrier Family 5 Member 1","Protein Coding","P13866","59","GC22P032043","3.37650012969971","https://www.genecards.org/cgi-bin/carddisp.pl?gene=SLC5A1"
"TUBA1B","Tubulin Alpha 1b","Protein Coding","P68363","57","GC12M049127","3.37111806869507","https://www.genecards.org/cgi-bin/carddisp.pl?gene=TUBA1B"
"PNKD","PNKD Metallo-Beta-Lactamase Domain Containing","Protein Coding","Q8N490","54","GC02P218270","3.36795353889465","https://www.genecards.org/cgi-bin/carddisp.pl?gene=PNKD"
"SLC25A32","Solute Carrier Family 25 Member 32","Protein Coding","Q9H2D1","52","GC08M103398","3.36748075485229","https://www.genecards.org/cgi-bin/carddisp.pl?gene=SLC25A32"
"NFS1","NFS1 Cysteine Desulfurase","Protein Coding","Q9Y697","57","GC20M035668","3.36642360687256","https://www.genecards.org/cgi-bin/carddisp.pl?gene=NFS1"
"LTF","Lactotransferrin","Protein Coding","P02788","58","GC03M046435","3.35580229759216","https://www.genecards.org/cgi-bin/carddisp.pl?gene=LTF"
"GNB2","G Protein Subunit Beta 2","Protein Coding","P62879","56","GC07P100673","3.35387277603149","https://www.genecards.org/cgi-bin/carddisp.pl?gene=GNB2"
"ALG11","ALG11 Alpha-1,2-Mannosyltransferase","Protein Coding","Q2TAA5","52","GC13P052012","3.35103297233582","https://www.genecards.org/cgi-bin/carddisp.pl?gene=ALG11"
"MT-RNR1","Mitochondrially Encoded 12S RRNA","RNA Gene","A0A0C5B5G6","25","GCMTP000642","3.34977602958679","https://www.genecards.org/cgi-bin/carddisp.pl?gene=MT-RNR1"
"INPP5D","Inositol Polyphosphate-5-Phosphatase D","Protein Coding","Q92835","58","GC02P233059","3.34851312637329","https://www.genecards.org/cgi-bin/carddisp.pl?gene=INPP5D"
"PLPBP","Pyridoxal Phosphate Binding Protein","Protein Coding","O94903","51","GC08P040850","3.34445810317993","https://www.genecards.org/cgi-bin/carddisp.pl?gene=PLPBP"
"MTPAP","Mitochondrial Poly(A) Polymerase","Protein Coding","Q9NVV4","52","GC10M036341","3.33908939361572","https://www.genecards.org/cgi-bin/carddisp.pl?gene=MTPAP"
"ATP6V1B1","ATPase H+ Transporting V1 Subunit B1","Protein Coding","P15313","55","GC02P070935","3.33761477470398","https://www.genecards.org/cgi-bin/carddisp.pl?gene=ATP6V1B1"
"SELE","Selectin E","Protein Coding","P16581","56","GC01M169722","3.33556175231934","https://www.genecards.org/cgi-bin/carddisp.pl?gene=SELE"
"SFTPD","Surfactant Protein D","Protein Coding","P35247","56","GC10M079937","3.33554410934448","https://www.genecards.org/cgi-bin/carddisp.pl?gene=SFTPD"
"NEFL","Neurofilament Light Chain","Protein Coding","P07196","58","GC08M024950","3.33505201339722","https://www.genecards.org/cgi-bin/carddisp.pl?gene=NEFL"
"RDH12","Retinol Dehydrogenase 12","Protein Coding","Q96NR8","56","GC14P067701","3.33444857597351","https://www.genecards.org/cgi-bin/carddisp.pl?gene=RDH12"
"ALDH4A1","Aldehyde Dehydrogenase 4 Family Member A1","Protein Coding","P30038","56","GC01M018871","3.33038759231567","https://www.genecards.org/cgi-bin/carddisp.pl?gene=ALDH4A1"
"PRDX3","Peroxiredoxin 3","Protein Coding","P30048","57","GC10M119167","3.32463216781616","https://www.genecards.org/cgi-bin/carddisp.pl?gene=PRDX3"
"CSNK1A1","Casein Kinase 1 Alpha 1","Protein Coding","P48729","61","GC05M149492","3.32386016845703","https://www.genecards.org/cgi-bin/carddisp.pl?gene=CSNK1A1"
"PPIA","Peptidylprolyl Isomerase A","Protein Coding","P62937","58","GC07P044839","3.32366943359375","https://www.genecards.org/cgi-bin/carddisp.pl?gene=PPIA"
"SLC7A5","Solute Carrier Family 7 Member 5","Protein Coding","Q01650","56","GC16M087830","3.32152223587036","https://www.genecards.org/cgi-bin/carddisp.pl?gene=SLC7A5"
"SLC18A2","Solute Carrier Family 18 Member A2","Protein Coding","Q05940","59","GC10P117241","3.31142711639404","https://www.genecards.org/cgi-bin/carddisp.pl?gene=SLC18A2"
"PPP2CA","Protein Phosphatase 2 Catalytic Subunit Alpha","Protein Coding","P67775","63","GC05M134194","3.31059908866882","https://www.genecards.org/cgi-bin/carddisp.pl?gene=PPP2CA"
"PRL","Prolactin","Protein Coding","P01236","56","GC06M022287","3.30644702911377","https://www.genecards.org/cgi-bin/carddisp.pl?gene=PRL"
"UGT1A4","UDP Glucuronosyltransferase Family 1 Member A4","Protein Coding","P22310","55","GC02P233718","3.28704500198364","https://www.genecards.org/cgi-bin/carddisp.pl?gene=UGT1A4"
"CNP","2',3'-Cyclic Nucleotide 3' Phosphodiesterase","Protein Coding","P09543","56","GC17P041966","3.27768850326538","https://www.genecards.org/cgi-bin/carddisp.pl?gene=CNP"
"SLC52A1","Solute Carrier Family 52 Member 1","Protein Coding","Q9NWF4","51","GC17M005032","3.27496457099915","https://www.genecards.org/cgi-bin/carddisp.pl?gene=SLC52A1"
"PYGL","Glycogen Phosphorylase L","Protein Coding","P06737","58","GC14M050857","3.26651930809021","https://www.genecards.org/cgi-bin/carddisp.pl?gene=PYGL"
"USP53","Ubiquitin Specific Peptidase 53","Protein Coding","Q70EK8","49","GC04P119212","3.26568937301636","https://www.genecards.org/cgi-bin/carddisp.pl?gene=USP53"
"CR1","Complement C3b/C4b Receptor 1 (Knops Blood Group)","Protein Coding","P17927","57","GC01P207496","3.26296782493591","https://www.genecards.org/cgi-bin/carddisp.pl?gene=CR1"
"ATP5F1B","ATP Synthase F1 Subunit Beta","Protein Coding","P06576","58","GC12M059859","3.25968551635742","https://www.genecards.org/cgi-bin/carddisp.pl?gene=ATP5F1B"
"MT-TW","Mitochondrially Encoded TRNA-Trp (UGA/G)","RNA Gene","","22","GCMTP005514","3.25471448898315","https://www.genecards.org/cgi-bin/carddisp.pl?gene=MT-TW"
"HAAO","3-Hydroxyanthranilate 3,4-Dioxygenase","Protein Coding","P46952","56","GC02M042767","3.25303792953491","https://www.genecards.org/cgi-bin/carddisp.pl?gene=HAAO"
"COX6A1","Cytochrome C Oxidase Subunit 6A1","Protein Coding","P12074","55","GC12P120459","3.24667024612427","https://www.genecards.org/cgi-bin/carddisp.pl?gene=COX6A1"
"CNR1","Cannabinoid Receptor 1","Protein Coding","P21554","59","GC06M088139","3.24362635612488","https://www.genecards.org/cgi-bin/carddisp.pl?gene=CNR1"
"ELOVL5","ELOVL Fatty Acid Elongase 5","Protein Coding","Q9NYP7","55","GC06M053267","3.23935079574585","https://www.genecards.org/cgi-bin/carddisp.pl?gene=ELOVL5"
"SLC25A11","Solute Carrier Family 25 Member 11","Protein Coding","Q02978","54","GC17M004937","3.23105621337891","https://www.genecards.org/cgi-bin/carddisp.pl?gene=SLC25A11"
"MEG8","Maternally Expressed 8, Small Nucleolar RNA Host Gene","RNA Gene","","28","GC14P119043","3.23086047172546","https://www.genecards.org/cgi-bin/carddisp.pl?gene=MEG8"
"SLC6A19","Solute Carrier Family 6 Member 19","Protein Coding","Q695T7","55","GC05P001201","3.22817373275757","https://www.genecards.org/cgi-bin/carddisp.pl?gene=SLC6A19"
"PCK2","Phosphoenolpyruvate Carboxykinase 2, Mitochondrial","Protein Coding","Q16822","58","GC14P024094","3.22751903533936","https://www.genecards.org/cgi-bin/carddisp.pl?gene=PCK2"
"TMLHE","Trimethyllysine Hydroxylase, Epsilon","Protein Coding","Q9NVH6","53","GC0XM155489","3.215975522995","https://www.genecards.org/cgi-bin/carddisp.pl?gene=TMLHE"
"NARS2","Asparaginyl-TRNA Synthetase 2, Mitochondrial","Protein Coding","Q96I59","55","GC11M078435","3.21548986434937","https://www.genecards.org/cgi-bin/carddisp.pl?gene=NARS2"
"DDB1","Damage Specific DNA Binding Protein 1","Protein Coding","Q16531","56","GC11M132628","3.21512532234192","https://www.genecards.org/cgi-bin/carddisp.pl?gene=DDB1"
"AGA","Aspartylglucosaminidase","Protein Coding","P20933","58","GC04M177430","3.21494150161743","https://www.genecards.org/cgi-bin/carddisp.pl?gene=AGA"
"SLX1A-SULT1A3","SLX1A-SULT1A3 Readthrough (NMD Candidate)","RNA Gene","","21","GC16P104939","3.21275877952576","https://www.genecards.org/cgi-bin/carddisp.pl?gene=SLX1A-SULT1A3"
"LIPT1","Lipoyltransferase 1","Protein Coding","Q9Y234","51","GC02P099262","3.21233606338501","https://www.genecards.org/cgi-bin/carddisp.pl?gene=LIPT1"
"FALEC","Focally Amplified Long Non-Coding RNA In Epithelial Cancer","RNA Gene","","25","GC01P170202","3.21110248565674","https://www.genecards.org/cgi-bin/carddisp.pl?gene=FALEC"
"MRPS16","Mitochondrial Ribosomal Protein S16","Protein Coding","Q9Y3D3","54","GC10M073248","3.20911884307861","https://www.genecards.org/cgi-bin/carddisp.pl?gene=MRPS16"
"MYOC","Myocilin","Protein Coding","Q99972","54","GC01M171604","3.20801067352295","https://www.genecards.org/cgi-bin/carddisp.pl?gene=MYOC"
"DCDC2","Doublecortin Domain Containing 2","Protein Coding","Q9UHG0","51","GC06M024171","3.20014333724976","https://www.genecards.org/cgi-bin/carddisp.pl?gene=DCDC2"
"ATP5PO","ATP Synthase Peripheral Stalk Subunit OSCP","Protein Coding","P48047","56","GC21M033904","3.19830226898193","https://www.genecards.org/cgi-bin/carddisp.pl?gene=ATP5PO"
"TPM3","Tropomyosin 3","Protein Coding","P06753","60","GC01M154155","3.19289517402649","https://www.genecards.org/cgi-bin/carddisp.pl?gene=TPM3"
"GNMT","Glycine N-Methyltransferase","Protein Coding","Q14749","56","GC06P042960","3.1898934841156","https://www.genecards.org/cgi-bin/carddisp.pl?gene=GNMT"
"ANXA2","Annexin A2","Protein Coding","P07355","59","GC15M060347","3.18525648117065","https://www.genecards.org/cgi-bin/carddisp.pl?gene=ANXA2"
"POLGARF","POLG Alternative Reading Frame","Protein Coding","A0A3B3IS91","19","GC15M158835","3.18149566650391","https://www.genecards.org/cgi-bin/carddisp.pl?gene=POLGARF"
"PIN1","Peptidylprolyl Cis/Trans Isomerase, NIMA-Interacting 1","Protein Coding","Q13526","60","GC19P009835","3.18003940582275","https://www.genecards.org/cgi-bin/carddisp.pl?gene=PIN1"
"LRAT","Lecithin Retinol Acyltransferase","Protein Coding","O95237","56","GC04P154626","3.1777138710022","https://www.genecards.org/cgi-bin/carddisp.pl?gene=LRAT"
"SLC12A1","Solute Carrier Family 12 Member 1","Protein Coding","Q13621","61","GC15P175308","3.16469645500183","https://www.genecards.org/cgi-bin/carddisp.pl?gene=SLC12A1"
"U2AF2","U2 Small Nuclear RNA Auxiliary Factor 2","Protein Coding","P26368","52","GC19P055654","3.16390252113342","https://www.genecards.org/cgi-bin/carddisp.pl?gene=U2AF2"
"ENO1","Enolase 1","Protein Coding","P06733","61","GC01M008861","3.15604162216187","https://www.genecards.org/cgi-bin/carddisp.pl?gene=ENO1"
"ZNF335","Zinc Finger Protein 335","Protein Coding","Q9H4Z2","50","GC20M045948","3.14343094825745","https://www.genecards.org/cgi-bin/carddisp.pl?gene=ZNF335"
"GPT2","Glutamic--Pyruvic Transaminase 2","Protein Coding","Q8TD30","58","GC16P105274","3.13735389709473","https://www.genecards.org/cgi-bin/carddisp.pl?gene=GPT2"
"IFI27","Interferon Alpha Inducible Protein 27","Protein Coding","P40305","50","GC14P094104","3.13603591918945","https://www.genecards.org/cgi-bin/carddisp.pl?gene=IFI27"
"MRM2","Mitochondrial RRNA Methyltransferase 2","Protein Coding","Q9UI43","50","GC07M002234","3.13297128677368","https://www.genecards.org/cgi-bin/carddisp.pl?gene=MRM2"
"PLEK","Pleckstrin","Protein Coding","P08567","52","GC02P068365","3.12443351745605","https://www.genecards.org/cgi-bin/carddisp.pl?gene=PLEK"
"HAMP","Hepcidin Antimicrobial Peptide","Protein Coding","P81172","55","GC19P132915","3.1131579875946","https://www.genecards.org/cgi-bin/carddisp.pl?gene=HAMP"
"CFL1","Cofilin 1","Protein Coding","P23528","58","GC11M065823","3.10727095603943","https://www.genecards.org/cgi-bin/carddisp.pl?gene=CFL1"
"SLC4A1","Solute Carrier Family 4 Member 1 (Diego Blood Group)","Protein Coding","P02730","61","GC17M089464","3.10594606399536","https://www.genecards.org/cgi-bin/carddisp.pl?gene=SLC4A1"
"SERPING1","Serpin Family G Member 1","Protein Coding","P05155","59","GC11P057597","3.10338068008423","https://www.genecards.org/cgi-bin/carddisp.pl?gene=SERPING1"
"ALAS2","5'-Aminolevulinate Synthase 2","Protein Coding","P22557","59","GC0XM055009","3.0965564250946","https://www.genecards.org/cgi-bin/carddisp.pl?gene=ALAS2"
"ATP5F1D","ATP Synthase F1 Subunit Delta","Protein Coding","P30049","52","GC19P131839","3.09622430801392","https://www.genecards.org/cgi-bin/carddisp.pl?gene=ATP5F1D"
"TPK1","Thiamin Pyrophosphokinase 1","Protein Coding","Q9H3S4","57","GC07M144451","3.08864665031433","https://www.genecards.org/cgi-bin/carddisp.pl?gene=TPK1"
"COL4A3","Collagen Type IV Alpha 3 Chain","Protein Coding","Q01955","58","GC02P227164","3.0747971534729","https://www.genecards.org/cgi-bin/carddisp.pl?gene=COL4A3"
"INPP5E","Inositol Polyphosphate-5-Phosphatase E","Protein Coding","Q9NRR6","53","GC09M136428","3.06400871276855","https://www.genecards.org/cgi-bin/carddisp.pl?gene=INPP5E"
"MT-TP","Mitochondrially Encoded TRNA-Pro (CCN)","RNA Gene","","20","GCMTM015957","3.06181406974792","https://www.genecards.org/cgi-bin/carddisp.pl?gene=MT-TP"
"UGT1A7","UDP Glucuronosyltransferase Family 1 Member A7","Protein Coding","Q9HAW7","52","GC02P233681","3.06064248085022","https://www.genecards.org/cgi-bin/carddisp.pl?gene=UGT1A7"
"SLC12A2","Solute Carrier Family 12 Member 2","Protein Coding","P55011","62","GC05P128083","3.05567407608032","https://www.genecards.org/cgi-bin/carddisp.pl?gene=SLC12A2"
"TRAF5","TNF Receptor Associated Factor 5","Protein Coding","O00463","54","GC01P211326","3.04753160476685","https://www.genecards.org/cgi-bin/carddisp.pl?gene=TRAF5"
"GH1","Growth Hormone 1","Protein Coding","P01241","55","GC17M063917","3.03929948806763","https://www.genecards.org/cgi-bin/carddisp.pl?gene=GH1"
"SLC25A29","Solute Carrier Family 25 Member 29","Protein Coding","Q8N8R3","50","GC14M122088","3.03630566596985","https://www.genecards.org/cgi-bin/carddisp.pl?gene=SLC25A29"
"PCLO","Piccolo Presynaptic Cytomatrix Protein","Protein Coding","Q9Y6V0","51","GC07M082754","3.03333044052124","https://www.genecards.org/cgi-bin/carddisp.pl?gene=PCLO"
"MIR224","MicroRNA 224","RNA Gene","","26","GC0XM151958","3.02773714065552","https://www.genecards.org/cgi-bin/carddisp.pl?gene=MIR224"
"LALBA","Lactalbumin Alpha","Protein Coding","P00709","50","GC12M048567","3.02258920669556","https://www.genecards.org/cgi-bin/carddisp.pl?gene=LALBA"
"TRIM21","Tripartite Motif Containing 21","Protein Coding","P19474","55","GC11M004384","3.01641845703125","https://www.genecards.org/cgi-bin/carddisp.pl?gene=TRIM21"
"WDR19","WD Repeat Domain 19","Protein Coding","Q8NEZ3","50","GC04P039272","3.01410150527954","https://www.genecards.org/cgi-bin/carddisp.pl?gene=WDR19"
"LDHB","Lactate Dehydrogenase B","Protein Coding","P07195","57","GC12M021635","3.01054978370667","https://www.genecards.org/cgi-bin/carddisp.pl?gene=LDHB"
"EDNRA","Endothelin Receptor Type A","Protein Coding","P25101","62","GC04P147480","3.0077760219574","https://www.genecards.org/cgi-bin/carddisp.pl?gene=EDNRA"
"HBG2","Hemoglobin Subunit Gamma 2","Protein Coding","P69892","55","GC11M013437","2.98865246772766","https://www.genecards.org/cgi-bin/carddisp.pl?gene=HBG2"
"NFYA","Nuclear Transcription Factor Y Subunit Alpha","Protein Coding","P23511","52","GC06P156477","2.97671341896057","https://www.genecards.org/cgi-bin/carddisp.pl?gene=NFYA"
"GRP","Gastrin Releasing Peptide","Protein Coding","P07492","52","GC18P059220","2.97465109825134","https://www.genecards.org/cgi-bin/carddisp.pl?gene=GRP"
"RAB11A","RAB11A, Member RAS Oncogene Family","Protein Coding","P62491","58","GC15P175678","2.96817350387573","https://www.genecards.org/cgi-bin/carddisp.pl?gene=RAB11A"
"LRBA","LPS Responsive Beige-Like Anchor Protein","Protein Coding","P50851","52","GC04M150264","2.9680380821228","https://www.genecards.org/cgi-bin/carddisp.pl?gene=LRBA"
"CADM1","Cell Adhesion Molecule 1","Protein Coding","Q9BY67","57","GC11M115169","2.96203327178955","https://www.genecards.org/cgi-bin/carddisp.pl?gene=CADM1"
"PRPH2","Peripherin 2","Protein Coding","P23942","52","GC06M100538","2.96044850349426","https://www.genecards.org/cgi-bin/carddisp.pl?gene=PRPH2"
"EARS2","Glutamyl-TRNA Synthetase 2, Mitochondrial","Protein Coding","Q5JPH6","54","GC16M027847","2.95806956291199","https://www.genecards.org/cgi-bin/carddisp.pl?gene=EARS2"
"UGT1A10","UDP Glucuronosyltransferase Family 1 Member A10","Protein Coding","Q9HAW8","54","GC02P233636","2.95797920227051","https://www.genecards.org/cgi-bin/carddisp.pl?gene=UGT1A10"
"UGT1A8","UDP Glucuronosyltransferase Family 1 Member A8","Protein Coding","Q9HAW9","51","GC02P233900","2.95797920227051","https://www.genecards.org/cgi-bin/carddisp.pl?gene=UGT1A8"
"UGT1A6","UDP Glucuronosyltransferase Family 1 Member A6","Protein Coding","P19224","55","GC02P233691","2.94851422309875","https://www.genecards.org/cgi-bin/carddisp.pl?gene=UGT1A6"
"SELP","Selectin P","Protein Coding","P16109","58","GC01M169558","2.94693493843079","https://www.genecards.org/cgi-bin/carddisp.pl?gene=SELP"
"DECR1","2,4-Dienoyl-CoA Reductase 1","Protein Coding","Q16698","52","GC08P090001","2.94448113441467","https://www.genecards.org/cgi-bin/carddisp.pl?gene=DECR1"
"NDUFA6","NADH:Ubiquinone Oxidoreductase Subunit A6","Protein Coding","P56556","54","GC22M042085","2.93914103507996","https://www.genecards.org/cgi-bin/carddisp.pl?gene=NDUFA6"
"ABAT","4-Aminobutyrate Aminotransferase","Protein Coding","P80404","58","GC16P008674","2.93429565429688","https://www.genecards.org/cgi-bin/carddisp.pl?gene=ABAT"
"PROS1","Protein S","Protein Coding","P07225","61","GC03M093873","2.93216586112976","https://www.genecards.org/cgi-bin/carddisp.pl?gene=PROS1"
"AQP2","Aquaporin 2","Protein Coding","P41181","61","GC12P049950","2.92819166183472","https://www.genecards.org/cgi-bin/carddisp.pl?gene=AQP2"
"LYN","LYN Proto-Oncogene, Src Family Tyrosine Kinase","Protein Coding","P07948","62","GC08P055879","2.92165470123291","https://www.genecards.org/cgi-bin/carddisp.pl?gene=LYN"
"BCHE","Butyrylcholinesterase","Protein Coding","P06276","62","GC03M165772","2.92164897918701","https://www.genecards.org/cgi-bin/carddisp.pl?gene=BCHE"
"GAL","Galanin And GMAP Prepropeptide","Protein Coding","P22466","57","GC11P099196","2.91718173027039","https://www.genecards.org/cgi-bin/carddisp.pl?gene=GAL"
"ABCA4","ATP Binding Cassette Subfamily A Member 4","Protein Coding","P78363","57","GC01M093992","2.91610836982727","https://www.genecards.org/cgi-bin/carddisp.pl?gene=ABCA4"
"KIF23","Kinesin Family Member 23","Protein Coding","Q02241","55","GC15P069414","2.90544128417969","https://www.genecards.org/cgi-bin/carddisp.pl?gene=KIF23"
"SERPINB6","Serpin Family B Member 6","Protein Coding","P35237","55","GC06M002948","2.90455293655396","https://www.genecards.org/cgi-bin/carddisp.pl?gene=SERPINB6"
"HYDIN","HYDIN Axonemal Central Pair Apparatus Protein","Protein Coding","Q4G0P3","51","GC16M073865","2.90116834640503","https://www.genecards.org/cgi-bin/carddisp.pl?gene=HYDIN"
"TBXT","T-Box Transcription Factor T","Protein Coding","O15178","57","GC06M166158","2.89814877510071","https://www.genecards.org/cgi-bin/carddisp.pl?gene=TBXT"
"RNH1","Ribonuclease/Angiogenin Inhibitor 1","Protein Coding","P13489","50","GC11M013219","2.88753533363342","https://www.genecards.org/cgi-bin/carddisp.pl?gene=RNH1"
"RINT1","RAD50 Interactor 1","Protein Coding","Q6NUQ1","50","GC07P105532","2.86846423149109","https://www.genecards.org/cgi-bin/carddisp.pl?gene=RINT1"
"PEG3","Paternally Expressed 3","Protein Coding","Q9GZU2","48","GC19M056810","2.86737060546875","https://www.genecards.org/cgi-bin/carddisp.pl?gene=PEG3"
"SFTA3","Surfactant Associated 3","RNA Gene","P0C7M3","43","GC14M036518","2.85166692733765","https://www.genecards.org/cgi-bin/carddisp.pl?gene=SFTA3"
"POLR2L","RNA Polymerase II, I And III Subunit L","Protein Coding","P62875","52","GC11M013238","2.84947919845581","https://www.genecards.org/cgi-bin/carddisp.pl?gene=POLR2L"
"GFER","Growth Factor, Augmenter Of Liver Regeneration","Protein Coding","P55789","58","GC16P001984","2.84456586837769","https://www.genecards.org/cgi-bin/carddisp.pl?gene=GFER"
"PPP1CA","Protein Phosphatase 1 Catalytic Subunit Alpha","Protein Coding","P62136","61","GC11M132909","2.84253025054932","https://www.genecards.org/cgi-bin/carddisp.pl?gene=PPP1CA"
"CXCR2","C-X-C Motif Chemokine Receptor 2","Protein Coding","P25025","62","GC02P218125","2.83116269111633","https://www.genecards.org/cgi-bin/carddisp.pl?gene=CXCR2"
"TRP-AGG2-5","TRNA-Pro (Anticodon AGG) 2-5","RNA Gene","","17","GC14M027774","2.82623672485352","https://www.genecards.org/cgi-bin/carddisp.pl?gene=TRP-AGG2-5"
"SLC10A1","Solute Carrier Family 10 Member 1","Protein Coding","Q14973","54","GC14M069775","2.81776332855225","https://www.genecards.org/cgi-bin/carddisp.pl?gene=SLC10A1"
"SLC25A21","Solute Carrier Family 25 Member 21","Protein Coding","Q9BQT8","53","GC14M036677","2.81271743774414","https://www.genecards.org/cgi-bin/carddisp.pl?gene=SLC25A21"
"HNRNPU","Heterogeneous Nuclear Ribonucleoprotein U","Protein Coding","Q00839","55","GC01M244844","2.81169366836548","https://www.genecards.org/cgi-bin/carddisp.pl?gene=HNRNPU"
"UNG","Uracil DNA Glycosylase","Protein Coding","P13051","59","GC12P109097","2.81040239334106","https://www.genecards.org/cgi-bin/carddisp.pl?gene=UNG"
"SP3","Sp3 Transcription Factor","Protein Coding","Q02447","54","GC02M173882","2.80265665054321","https://www.genecards.org/cgi-bin/carddisp.pl?gene=SP3"
"GRIN3A","Glutamate Ionotropic Receptor NMDA Type Subunit 3A","Protein Coding","Q8TCU5","51","GC09M101569","2.80254149436951","https://www.genecards.org/cgi-bin/carddisp.pl?gene=GRIN3A"
"FGF1","Fibroblast Growth Factor 1","Protein Coding","P05230","59","GC05M142555","2.79980945587158","https://www.genecards.org/cgi-bin/carddisp.pl?gene=FGF1"
"LIAS","Lipoic Acid Synthetase","Protein Coding","O43766","55","GC04P039558","2.79721331596375","https://www.genecards.org/cgi-bin/carddisp.pl?gene=LIAS"
"TALDO1","Transaldolase 1","Protein Coding","P37837","59","GC11P014054","2.79688119888306","https://www.genecards.org/cgi-bin/carddisp.pl?gene=TALDO1"
"CELSR1","Cadherin EGF LAG Seven-Pass G-Type Receptor 1","Protein Coding","Q9NYQ6","53","GC22M046360","2.79314875602722","https://www.genecards.org/cgi-bin/carddisp.pl?gene=CELSR1"
"NIT1","Nitrilase 1","Protein Coding","Q86X76","46","GC01P161118","2.79302883148193","https://www.genecards.org/cgi-bin/carddisp.pl?gene=NIT1"
"KNG1","Kininogen 1","Protein Coding","P01042","61","GC03P186717","2.79199552536011","https://www.genecards.org/cgi-bin/carddisp.pl?gene=KNG1"
"ACACA","Acetyl-CoA Carboxylase Alpha","Protein Coding","Q13085","62","GC17M037084","2.79147601127625","https://www.genecards.org/cgi-bin/carddisp.pl?gene=ACACA"
"DLAT","Dihydrolipoamide S-Acetyltransferase","Protein Coding","P10515","58","GC11P112736","2.78853297233582","https://www.genecards.org/cgi-bin/carddisp.pl?gene=DLAT"
"CLCN5","Chloride Voltage-Gated Channel 5","Protein Coding","P51795","56","GC0XP049922","2.7884521484375","https://www.genecards.org/cgi-bin/carddisp.pl?gene=CLCN5"
"A2M","Alpha-2-Macroglobulin","Protein Coding","P01023","59","GC12M009067","2.78562784194946","https://www.genecards.org/cgi-bin/carddisp.pl?gene=A2M"
"EYS","Eyes Shut Homolog","Protein Coding","Q5T1H1","45","GC06M063719","2.77689075469971","https://www.genecards.org/cgi-bin/carddisp.pl?gene=EYS"
"CZ1P-ASNS","CZ1P-ASNS Readthrough","RNA Gene","","12","GC07M097856","2.76628017425537","https://www.genecards.org/cgi-bin/carddisp.pl?gene=CZ1P-ASNS"
"AGPS","Alkylglycerone Phosphate Synthase","Protein Coding","O00116","55","GC02P177392","2.74977445602417","https://www.genecards.org/cgi-bin/carddisp.pl?gene=AGPS"
"WNT1","Wnt Family Member 1","Protein Coding","P04628","59","GC12P064917","2.7476544380188","https://www.genecards.org/cgi-bin/carddisp.pl?gene=WNT1"
"PAX6","Paired Box 6","Protein Coding","P26367","61","GC11M031784","2.74706125259399","https://www.genecards.org/cgi-bin/carddisp.pl?gene=PAX6"
"SLC25A42","Solute Carrier Family 25 Member 42","Protein Coding","Q86VD7","50","GC19P019063","2.74492740631104","https://www.genecards.org/cgi-bin/carddisp.pl?gene=SLC25A42"
"CSN1S1","Casein Alpha S1","Protein Coding","P47710","49","GC04P070063","2.74388599395752","https://www.genecards.org/cgi-bin/carddisp.pl?gene=CSN1S1"
"FOXE3","Forkhead Box E3","Protein Coding","Q13461","47","GC01P047416","2.74189281463623","https://www.genecards.org/cgi-bin/carddisp.pl?gene=FOXE3"
"INPP5K","Inositol Polyphosphate-5-Phosphatase K","Protein Coding","Q9BT40","54","GC17M001494","2.7399001121521","https://www.genecards.org/cgi-bin/carddisp.pl?gene=INPP5K"
"SLC25A53","Solute Carrier Family 25 Member 53","Protein Coding","Q5H9E4","39","GC0XM104099","2.73835301399231","https://www.genecards.org/cgi-bin/carddisp.pl?gene=SLC25A53"
"HNRNPK","Heterogeneous Nuclear Ribonucleoprotein K","Protein Coding","P61978","58","GC09M112904","2.73833203315735","https://www.genecards.org/cgi-bin/carddisp.pl?gene=HNRNPK"
"ACSF3","Acyl-CoA Synthetase Family Member 3","Protein Coding","Q4G176","55","GC16P089088","2.73458623886108","https://www.genecards.org/cgi-bin/carddisp.pl?gene=ACSF3"
"DSPP","Dentin Sialophosphoprotein","Protein Coding","Q9NZW4","50","GC04P087608","2.72527933120728","https://www.genecards.org/cgi-bin/carddisp.pl?gene=DSPP"
"TG","Thyroglobulin","Protein Coding","P01266","57","GC08P132866","2.71367597579956","https://www.genecards.org/cgi-bin/carddisp.pl?gene=TG"
"RHCE","Rh Blood Group CcEe Antigens","Protein Coding","P18577","51","GC01M032159","2.7021312713623","https://www.genecards.org/cgi-bin/carddisp.pl?gene=RHCE"
"ROM1","Retinal Outer Segment Membrane Protein 1","Protein Coding","Q03395","55","GC11P062611","2.69537210464478","https://www.genecards.org/cgi-bin/carddisp.pl?gene=ROM1"
"CTDSPL","CTD Small Phosphatase Like","Protein Coding","O15194","49","GC03P037861","2.68636465072632","https://www.genecards.org/cgi-bin/carddisp.pl?gene=CTDSPL"
"SIRT2","Sirtuin 2","Protein Coding","Q8IXJ6","59","GC19M038878","2.6861412525177","https://www.genecards.org/cgi-bin/carddisp.pl?gene=SIRT2"
"CYP4V2","Cytochrome P450 Family 4 Subfamily V Member 2","Protein Coding","Q6ZWL3","51","GC04P186191","2.68358469009399","https://www.genecards.org/cgi-bin/carddisp.pl?gene=CYP4V2"
"CXCR3","C-X-C Motif Chemokine Receptor 3","Protein Coding","P49682","57","GC0XM071615","2.68273067474365","https://www.genecards.org/cgi-bin/carddisp.pl?gene=CXCR3"
"TBCK","TBC1 Domain Containing Kinase","Protein Coding","Q8TEA7","51","GC04M106041","2.66931104660034","https://www.genecards.org/cgi-bin/carddisp.pl?gene=TBCK"
"CTBP1","C-Terminal Binding Protein 1","Protein Coding","Q13363","61","GC04M001211","2.65518665313721","https://www.genecards.org/cgi-bin/carddisp.pl?gene=CTBP1"
"DPYS","Dihydropyrimidinase","Protein Coding","Q14117","57","GC08M104331","2.65498805046082","https://www.genecards.org/cgi-bin/carddisp.pl?gene=DPYS"
"DARS1","Aspartyl-TRNA Synthetase 1","Protein Coding","P14868","56","GC02M135905","2.6540994644165","https://www.genecards.org/cgi-bin/carddisp.pl?gene=DARS1"
"LOC110006319","Beta-Globin Gene 3' Regulatory Region","Functional Element","","11","GC11P005223","2.65163707733154","https://www.genecards.org/cgi-bin/carddisp.pl?gene=LOC110006319"
"TRN-GTT2-1","TRNA-Asn (Anticodon GTT) 2-1","RNA Gene","","13","GC01P170100","2.61965036392212","https://www.genecards.org/cgi-bin/carddisp.pl?gene=TRN-GTT2-1"
"HBEGF","Heparin Binding EGF Like Growth Factor","Protein Coding","Q99075","57","GC05M140332","2.61670303344727","https://www.genecards.org/cgi-bin/carddisp.pl?gene=HBEGF"
"PCK1","Phosphoenolpyruvate Carboxykinase 1","Protein Coding","P35558","59","GC20P057561","2.61178016662598","https://www.genecards.org/cgi-bin/carddisp.pl?gene=PCK1"
"MDH1","Malate Dehydrogenase 1","Protein Coding","P40925","56","GC02P063557","2.61115407943726","https://www.genecards.org/cgi-bin/carddisp.pl?gene=MDH1"
"DPP4","Dipeptidyl Peptidase 4","Protein Coding","P27487","62","GC02M161992","2.60279870033264","https://www.genecards.org/cgi-bin/carddisp.pl?gene=DPP4"
"A2ML1","Alpha-2-Macroglobulin Like 1","Protein Coding","A8K2U0","51","GC12P008822","2.60093688964844","https://www.genecards.org/cgi-bin/carddisp.pl?gene=A2ML1"
"ADCY10","Adenylate Cyclase 10","Protein Coding","Q96PN6","55","GC01M167809","2.58770227432251","https://www.genecards.org/cgi-bin/carddisp.pl?gene=ADCY10"
"MMP8","Matrix Metallopeptidase 8","Protein Coding","P22894","60","GC11M133497","2.58095788955688","https://www.genecards.org/cgi-bin/carddisp.pl?gene=MMP8"
"SFXN4","Sideroflexin 4","Protein Coding","Q6P4A7","51","GC10M119140","2.56960678100586","https://www.genecards.org/cgi-bin/carddisp.pl?gene=SFXN4"
"SREBF1","Sterol Regulatory Element Binding Transcription Factor 1","Protein Coding","P36956","61","GC17M017810","2.567307472229","https://www.genecards.org/cgi-bin/carddisp.pl?gene=SREBF1"
"POSTN","Periostin","Protein Coding","Q15063","55","GC13M037562","2.56102991104126","https://www.genecards.org/cgi-bin/carddisp.pl?gene=POSTN"
"GK2","Glycerol Kinase 2","Protein Coding","Q14410","52","GC04M079406","2.55286931991577","https://www.genecards.org/cgi-bin/carddisp.pl?gene=GK2"
"CARMN","Cardiac Mesoderm Enhancer-Associated Non-Coding RNA","RNA Gene","","27","GC05P149397","2.5407235622406","https://www.genecards.org/cgi-bin/carddisp.pl?gene=CARMN"
"KIF11","Kinesin Family Member 11","Protein Coding","P52732","61","GC10P092574","2.53345131874084","https://www.genecards.org/cgi-bin/carddisp.pl?gene=KIF11"
"SNORD25","Small Nucleolar RNA, C/D Box 25","RNA Gene","","20","GC11M132694","2.52414298057556","https://www.genecards.org/cgi-bin/carddisp.pl?gene=SNORD25"
"CCR1","C-C Motif Chemokine Receptor 1","Protein Coding","P32246","57","GC03M046218","2.52315330505371","https://www.genecards.org/cgi-bin/carddisp.pl?gene=CCR1"
"HNF1A-AS1","HNF1A Antisense RNA 1","RNA Gene","","27","GC12M124261","2.52218270301819","https://www.genecards.org/cgi-bin/carddisp.pl?gene=HNF1A-AS1"
"FAS-AS1","FAS Antisense RNA 1","RNA Gene","","22","GC10M088991","2.494300365448","https://www.genecards.org/cgi-bin/carddisp.pl?gene=FAS-AS1"
"HRG","Histidine Rich Glycoprotein","Protein Coding","P04196","56","GC03P186660","2.48035883903503","https://www.genecards.org/cgi-bin/carddisp.pl?gene=HRG"
"PDE6C","Phosphodiesterase 6C","Protein Coding","P51160","56","GC10P093612","2.47845840454102","https://www.genecards.org/cgi-bin/carddisp.pl?gene=PDE6C"
"HCCAT5","Hepatocellular Carcinoma Associated Transcript 5","RNA Gene","","26","GC16P073092","2.47380876541138","https://www.genecards.org/cgi-bin/carddisp.pl?gene=HCCAT5"
"ALPP","Alkaline Phosphatase, Placental","Protein Coding","P05187","56","GC02P232378","2.46599316596985","https://www.genecards.org/cgi-bin/carddisp.pl?gene=ALPP"
"SEPSECS","Sep (O-Phosphoserine) TRNA:Sec (Selenocysteine) TRNA Synthase","Protein Coding","Q9HD40","55","GC04M025121","2.46397399902344","https://www.genecards.org/cgi-bin/carddisp.pl?gene=SEPSECS"
"NDUFAF6","NADH:Ubiquinone Oxidoreductase Complex Assembly Factor 6","Protein Coding","Q330K2","48","GC08P094895","2.46183848381042","https://www.genecards.org/cgi-bin/carddisp.pl?gene=NDUFAF6"
"PRKD1","Protein Kinase D1","Protein Coding","Q15139","62","GC14M029576","2.45953607559204","https://www.genecards.org/cgi-bin/carddisp.pl?gene=PRKD1"
"SLC13A3","Solute Carrier Family 13 Member 3","Protein Coding","Q8WWT9","55","GC20M046557","2.45132446289063","https://www.genecards.org/cgi-bin/carddisp.pl?gene=SLC13A3"
"RPL26","Ribosomal Protein L26","Protein Coding","P61254","55","GC17M008377","2.4387469291687","https://www.genecards.org/cgi-bin/carddisp.pl?gene=RPL26"
"SLC38A1","Solute Carrier Family 38 Member 1","Protein Coding","Q9H2H9","54","GC12M046183","2.41972994804382","https://www.genecards.org/cgi-bin/carddisp.pl?gene=SLC38A1"
"EIF3F","Eukaryotic Translation Initiation Factor 3 Subunit F","Protein Coding","O00303","55","GC11P007970","2.41670560836792","https://www.genecards.org/cgi-bin/carddisp.pl?gene=EIF3F"
"GJB1","Gap Junction Protein Beta 1","Protein Coding","P08034","60","GC0XP071212","2.41348624229431","https://www.genecards.org/cgi-bin/carddisp.pl?gene=GJB1"
"LACTB","Lactamase Beta","Protein Coding","P83111","50","GC15P177161","2.41112518310547","https://www.genecards.org/cgi-bin/carddisp.pl?gene=LACTB"
"UQCR10","Ubiquinol-Cytochrome C Reductase, Complex III Subunit X","Protein Coding","Q9UDW1","50","GC22P029767","2.40157008171082","https://www.genecards.org/cgi-bin/carddisp.pl?gene=UQCR10"
"GDI1","GDP Dissociation Inhibitor 1","Protein Coding","P31150","58","GC0XP154436","2.3863000869751","https://www.genecards.org/cgi-bin/carddisp.pl?gene=GDI1"
"SLC25A16","Solute Carrier Family 25 Member 16","Protein Coding","P16260","47","GC10M068477","2.3839898109436","https://www.genecards.org/cgi-bin/carddisp.pl?gene=SLC25A16"
"UQCC1","Ubiquinol-Cytochrome C Reductase Complex Assembly Factor 1","Protein Coding","Q9NVA1","48","GC20M035302","2.38274431228638","https://www.genecards.org/cgi-bin/carddisp.pl?gene=UQCC1"
"SERPINA7","Serpin Family A Member 7","Protein Coding","P05543","54","GC0XM106032","2.37379431724548","https://www.genecards.org/cgi-bin/carddisp.pl?gene=SERPINA7"
"SERPINH1","Serpin Family H Member 1","Protein Coding","P50454","59","GC11P075562","2.36946129798889","https://www.genecards.org/cgi-bin/carddisp.pl?gene=SERPINH1"
"SLC25A37","Solute Carrier Family 25 Member 37","Protein Coding","Q9NYZ2","50","GC08P023528","2.36718368530273","https://www.genecards.org/cgi-bin/carddisp.pl?gene=SLC25A37"
"CANT1","Calcium Activated Nucleotidase 1","Protein Coding","Q8WVQ1","56","GC17M090491","2.3656439781189","https://www.genecards.org/cgi-bin/carddisp.pl?gene=CANT1"
"UROD","Uroporphyrinogen Decarboxylase","Protein Coding","P06132","57","GC01P062507","2.3531346321106","https://www.genecards.org/cgi-bin/carddisp.pl?gene=UROD"
"CECR7","Cat Eye Syndrome Chromosome Region, Candidate 7","RNA Gene","","23","GC22P080740","2.35229587554932","https://www.genecards.org/cgi-bin/carddisp.pl?gene=CECR7"
"HNRNPM","Heterogeneous Nuclear Ribonucleoprotein M","Protein Coding","P52272","52","GC19P008444","2.35225296020508","https://www.genecards.org/cgi-bin/carddisp.pl?gene=HNRNPM"
"ABCC3","ATP Binding Cassette Subfamily C Member 3","Protein Coding","O15438","57","GC17P050634","2.34456086158752","https://www.genecards.org/cgi-bin/carddisp.pl?gene=ABCC3"
"LBP","Lipopolysaccharide Binding Protein","Protein Coding","P18428","55","GC20P038346","2.3401050567627","https://www.genecards.org/cgi-bin/carddisp.pl?gene=LBP"
"IARS1","Isoleucyl-TRNA Synthetase 1","Protein Coding","P41252","57","GC09M118065","2.33926296234131","https://www.genecards.org/cgi-bin/carddisp.pl?gene=IARS1"
"CSN2","Casein Beta","Protein Coding","P05814","45","GC04M069955","2.3382875919342","https://www.genecards.org/cgi-bin/carddisp.pl?gene=CSN2"
"RAB5A","RAB5A, Member RAS Oncogene Family","Protein Coding","P20339","57","GC03P024432","2.33683776855469","https://www.genecards.org/cgi-bin/carddisp.pl?gene=RAB5A"
"CARD10","Caspase Recruitment Domain Family Member 10","Protein Coding","Q9BWT7","49","GC22M081578","2.335604429245","https://www.genecards.org/cgi-bin/carddisp.pl?gene=CARD10"
"HNRNPC","Heterogeneous Nuclear Ribonucleoprotein C","Protein Coding","P07910","55","GC14M027828","2.32544612884521","https://www.genecards.org/cgi-bin/carddisp.pl?gene=HNRNPC"
"CACNA1G-AS1","CACNA1G Antisense RNA 1","RNA Gene","","23","GC17M089771","2.32053470611572","https://www.genecards.org/cgi-bin/carddisp.pl?gene=CACNA1G-AS1"
"LMO2","LIM Domain Only 2","Protein Coding","P25791","55","GC11M033858","2.31566953659058","https://www.genecards.org/cgi-bin/carddisp.pl?gene=LMO2"
"IL2RB","Interleukin 2 Receptor Subunit Beta","Protein Coding","P14784","63","GC22M081565","2.31507635116577","https://www.genecards.org/cgi-bin/carddisp.pl?gene=IL2RB"
"DBI","Diazepam Binding Inhibitor, Acyl-CoA Binding Protein","Protein Coding","P07108","58","GC02P119366","2.30063486099243","https://www.genecards.org/cgi-bin/carddisp.pl?gene=DBI"
"CSF2RB","Colony Stimulating Factor 2 Receptor Subunit Beta","Protein Coding","P32927","58","GC22P036913","2.30049705505371","https://www.genecards.org/cgi-bin/carddisp.pl?gene=CSF2RB"
"FGF21","Fibroblast Growth Factor 21","Protein Coding","Q9NSA1","51","GC19P133377","2.29990530014038","https://www.genecards.org/cgi-bin/carddisp.pl?gene=FGF21"
"PPP1R15A","Protein Phosphatase 1 Regulatory Subunit 15A","Protein Coding","O75807","52","GC19P048872","2.29255509376526","https://www.genecards.org/cgi-bin/carddisp.pl?gene=PPP1R15A"
"THRB","Thyroid Hormone Receptor Beta","Protein Coding","P10828","61","GC03M024117","2.29146981239319","https://www.genecards.org/cgi-bin/carddisp.pl?gene=THRB"
"FLG","Filaggrin","Protein Coding","P20930","54","GC01M164987","2.28846430778503","https://www.genecards.org/cgi-bin/carddisp.pl?gene=FLG"
"MTIF2","Mitochondrial Translational Initiation Factor 2","Protein Coding","P46199","49","GC02M055236","2.2873363494873","https://www.genecards.org/cgi-bin/carddisp.pl?gene=MTIF2"
"GATB","Glutamyl-TRNA Amidotransferase Subunit B","Protein Coding","O75879","53","GC04M151670","2.28620505332947","https://www.genecards.org/cgi-bin/carddisp.pl?gene=GATB"
"LOC126861242","CDK7 Strongly-Dependent Group 2 Enhancer GRCh37_chr11:67379204-67380403","Functional Element","","8","GC11P100231","2.28350400924683","https://www.genecards.org/cgi-bin/carddisp.pl?gene=LOC126861242"
"CCT6A","Chaperonin Containing TCP1 Subunit 6A","Protein Coding","P40227","48","GC07P056051","2.28268671035767","https://www.genecards.org/cgi-bin/carddisp.pl?gene=CCT6A"
"TFPT","TCF3 Fusion Partner","Protein Coding","P0C1Z6","45","GC19M054107","2.28086566925049","https://www.genecards.org/cgi-bin/carddisp.pl?gene=TFPT"
"C1S","Complement C1s","Protein Coding","P09871","60","GC12P046796","2.25946164131165","https://www.genecards.org/cgi-bin/carddisp.pl?gene=C1S"
"FGF4","Fibroblast Growth Factor 4","Protein Coding","P08620","56","GC11M132993","2.2593719959259","https://www.genecards.org/cgi-bin/carddisp.pl?gene=FGF4"
"GRM5","Glutamate Metabotropic Receptor 5","Protein Coding","P41594","59","GC11M088504","2.25885844230652","https://www.genecards.org/cgi-bin/carddisp.pl?gene=GRM5"
"NR2E3","Nuclear Receptor Subfamily 2 Group E Member 3","Protein Coding","Q9Y5X4","54","GC15P071792","2.25026893615723","https://www.genecards.org/cgi-bin/carddisp.pl?gene=NR2E3"
"NUP153","Nucleoporin 153","Protein Coding","P49790","54","GC06M017615","2.23907375335693","https://www.genecards.org/cgi-bin/carddisp.pl?gene=NUP153"
"CNTN2","Contactin 2","Protein Coding","Q02246","58","GC01P205043","2.23234748840332","https://www.genecards.org/cgi-bin/carddisp.pl?gene=CNTN2"
"GRHPR","Glyoxylate And Hydroxypyruvate Reductase","Protein Coding","Q9UBQ7","58","GC09P060117","2.23229789733887","https://www.genecards.org/cgi-bin/carddisp.pl?gene=GRHPR"
"CSF2RA","Colony Stimulating Factor 2 Receptor Subunit Alpha","Protein Coding","P15509","56","GC0XP002675","2.23081755638123","https://www.genecards.org/cgi-bin/carddisp.pl?gene=CSF2RA"
"IBSP","Integrin Binding Sialoprotein","Protein Coding","P21815","50","GC04P087799","2.23074054718018","https://www.genecards.org/cgi-bin/carddisp.pl?gene=IBSP"
"PPP1R12C","Protein Phosphatase 1 Regulatory Subunit 12C","Protein Coding","Q9BZL4","45","GC19M101554","2.22612905502319","https://www.genecards.org/cgi-bin/carddisp.pl?gene=PPP1R12C"
"DSG3","Desmoglein 3","Protein Coding","P32926","53","GC18P031447","2.22379541397095","https://www.genecards.org/cgi-bin/carddisp.pl?gene=DSG3"
"NPR1","Natriuretic Peptide Receptor 1","Protein Coding","P16066","58","GC01P170368","2.22185778617859","https://www.genecards.org/cgi-bin/carddisp.pl?gene=NPR1"
"CFAP92","Cilia And Flagella Associated Protein 92 (Putative)","Protein Coding","Q9ULG3","38","GC03M132170","2.21764159202576","https://www.genecards.org/cgi-bin/carddisp.pl?gene=CFAP92"
"SCYL1","SCY1 Like Pseudokinase 1","Protein Coding","Q96KG9","52","GC11P065525","2.2157096862793","https://www.genecards.org/cgi-bin/carddisp.pl?gene=SCYL1"
"PCBD1","Pterin-4 Alpha-Carbinolamine Dehydratase 1","Protein Coding","P61457","57","GC10M070882","2.21037817001343","https://www.genecards.org/cgi-bin/carddisp.pl?gene=PCBD1"
"ALPI","Alkaline Phosphatase, Intestinal","Protein Coding","P09923","59","GC02P232456","2.20622682571411","https://www.genecards.org/cgi-bin/carddisp.pl?gene=ALPI"
"CCT5","Chaperonin Containing TCP1 Subunit 5","Protein Coding","P48643","56","GC05P010249","2.20063805580139","https://www.genecards.org/cgi-bin/carddisp.pl?gene=CCT5"
"SSB","Small RNA Binding Exonuclease Protection Factor La","Protein Coding","P05455","54","GC02P169791","2.19144225120544","https://www.genecards.org/cgi-bin/carddisp.pl?gene=SSB"
"PECAM1","Platelet And Endothelial Cell Adhesion Molecule 1","Protein Coding","P16284","53","GC17M064319","2.19139051437378","https://www.genecards.org/cgi-bin/carddisp.pl?gene=PECAM1"
"CYP3A7","Cytochrome P450 Family 3 Subfamily A Member 7","Protein Coding","P24462","50","GC07M099705","2.18912935256958","https://www.genecards.org/cgi-bin/carddisp.pl?gene=CYP3A7"
"MTCH1","Mitochondrial Carrier 1","Protein Coding","Q9NZJ7","46","GC06M100455","2.18215155601501","https://www.genecards.org/cgi-bin/carddisp.pl?gene=MTCH1"
"CCK","Cholecystokinin","Protein Coding","P06307","54","GC03M042274","2.17344403266907","https://www.genecards.org/cgi-bin/carddisp.pl?gene=CCK"
"RPUSD4","RNA Pseudouridine Synthase D4","Protein Coding","Q96CM3","45","GC11M126202","2.16701436042786","https://www.genecards.org/cgi-bin/carddisp.pl?gene=RPUSD4"
"TMEM37","Transmembrane Protein 37","Protein Coding","Q8WXS4","40","GC02P119429","2.16670274734497","https://www.genecards.org/cgi-bin/carddisp.pl?gene=TMEM37"
"OPN1LW","Opsin 1, Long Wave Sensitive","Protein Coding","P04000","47","GC0XP154144","2.16019511222839","https://www.genecards.org/cgi-bin/carddisp.pl?gene=OPN1LW"
"CCT8","Chaperonin Containing TCP1 Subunit 8","Protein Coding","P50990","51","GC21M029055","2.1601288318634","https://www.genecards.org/cgi-bin/carddisp.pl?gene=CCT8"
"ACAN","Aggrecan","Protein Coding","P16112","59","GC15P176217","2.13588428497314","https://www.genecards.org/cgi-bin/carddisp.pl?gene=ACAN"
"ALAD","Aminolevulinate Dehydratase","Protein Coding","P13716","58","GC09M113386","2.128657579422","https://www.genecards.org/cgi-bin/carddisp.pl?gene=ALAD"
"IVNS1ABP","Influenza Virus NS1A Binding Protein","Protein Coding","Q9Y6Y0","53","GC01M185296","2.10892987251282","https://www.genecards.org/cgi-bin/carddisp.pl?gene=IVNS1ABP"
"FOXA2","Forkhead Box A2","Protein Coding","Q9Y261","59","GC20M022581","2.10747838020325","https://www.genecards.org/cgi-bin/carddisp.pl?gene=FOXA2"
"SELL","Selectin L","Protein Coding","P14151","55","GC01M169690","2.10504651069641","https://www.genecards.org/cgi-bin/carddisp.pl?gene=SELL"
"RUVBL1","RuvB Like AAA ATPase 1","Protein Coding","Q9Y265","57","GC03M128064","2.10210776329041","https://www.genecards.org/cgi-bin/carddisp.pl?gene=RUVBL1"
"RHEB","Ras Homolog, MTORC1 Binding","Protein Coding","Q15382","63","GC07M151466","2.08897757530212","https://www.genecards.org/cgi-bin/carddisp.pl?gene=RHEB"
"SLC1A1","Solute Carrier Family 1 Member 1","Protein Coding","P43005","62","GC09P004490","2.08773589134216","https://www.genecards.org/cgi-bin/carddisp.pl?gene=SLC1A1"
"FOCAD","Focadhesin","Protein Coding","Q5VW36","46","GC09P020765","2.0845251083374","https://www.genecards.org/cgi-bin/carddisp.pl?gene=FOCAD"
"CUL4A","Cullin 4A","Protein Coding","Q13619","56","GC13P113208","2.07661628723145","https://www.genecards.org/cgi-bin/carddisp.pl?gene=CUL4A"
"RNY1","RNA, Ro60-Associated Y1","RNA Gene","","25","GC07M148987","2.06115126609802","https://www.genecards.org/cgi-bin/carddisp.pl?gene=RNY1"
"TIMM22","Translocase Of Inner Mitochondrial Membrane 22","Protein Coding","Q9Y584","48","GC17P000997","2.05788516998291","https://www.genecards.org/cgi-bin/carddisp.pl?gene=TIMM22"
"SULT2B1","Sulfotransferase Family 2B Member 1","Protein Coding","O00204","56","GC19P048552","2.04184412956238","https://www.genecards.org/cgi-bin/carddisp.pl?gene=SULT2B1"
"MPP3","MAGUK P55 Scaffold Protein 3","Protein Coding","Q13368","47","GC17M043800","2.03814220428467","https://www.genecards.org/cgi-bin/carddisp.pl?gene=MPP3"
"MSRA","Methionine Sulfoxide Reductase A","Protein Coding","Q9UJ68","54","GC08P010054","2.03638124465942","https://www.genecards.org/cgi-bin/carddisp.pl?gene=MSRA"
"PARD3","Par-3 Family Cell Polarity Regulator","Protein Coding","Q8TEW0","54","GC10M036416","2.02727818489075","https://www.genecards.org/cgi-bin/carddisp.pl?gene=PARD3"
"GRIK2","Glutamate Ionotropic Receptor Kainate Type Subunit 2","Protein Coding","Q13002","62","GC06P100962","2.02550601959229","https://www.genecards.org/cgi-bin/carddisp.pl?gene=GRIK2"
"TRA","T Cell Receptor Alpha Locus","Protein Coding","P0DSE1","30","GC14P021621","2.02268695831299","https://www.genecards.org/cgi-bin/carddisp.pl?gene=TRA"
"AQP9","Aquaporin 9","Protein Coding","O43315","54","GC15P058138","2.00720000267029","https://www.genecards.org/cgi-bin/carddisp.pl?gene=AQP9"
"POLB","DNA Polymerase Beta","Protein Coding","P06746","59","GC08P042338","2.00612854957581","https://www.genecards.org/cgi-bin/carddisp.pl?gene=POLB"
"TSHR","Thyroid Stimulating Hormone Receptor","Protein Coding","P16473","61","GC14P080954","2.0022931098938","https://www.genecards.org/cgi-bin/carddisp.pl?gene=TSHR"
"DNAI1","Dynein Axonemal Intermediate Chain 1","Protein Coding","Q9UI46","54","GC09P034457","1.99627375602722","https://www.genecards.org/cgi-bin/carddisp.pl?gene=DNAI1"
"GRIA4","Glutamate Ionotropic Receptor AMPA Type Subunit 4","Protein Coding","P48058","62","GC11P105609","1.99402236938477","https://www.genecards.org/cgi-bin/carddisp.pl?gene=GRIA4"
"PPOX","Protoporphyrinogen Oxidase","Protein Coding","P50336","56","GC01P170788","1.99208831787109","https://www.genecards.org/cgi-bin/carddisp.pl?gene=PPOX"
"ARSH","Arylsulfatase Family Member H","Protein Coding","Q5FYA8","44","GC0XP003006","1.98757326602936","https://www.genecards.org/cgi-bin/carddisp.pl?gene=ARSH"
"H3-4","H3.4 Histone, Cluster Member","Protein Coding","Q16695","51","GC01M230370","1.98317456245422","https://www.genecards.org/cgi-bin/carddisp.pl?gene=H3-4"
"RIDA","Reactive Intermediate Imine Deaminase A Homolog","Protein Coding","P52758","42","GC08M098103","1.980388879776","https://www.genecards.org/cgi-bin/carddisp.pl?gene=RIDA"
"TCP1","T-Complex 1","Protein Coding","P17987","55","GC06M159778","1.9722216129303","https://www.genecards.org/cgi-bin/carddisp.pl?gene=TCP1"
"GPD2","Glycerol-3-Phosphate Dehydrogenase 2","Protein Coding","P43304","58","GC02P156408","1.96902799606323","https://www.genecards.org/cgi-bin/carddisp.pl?gene=GPD2"
"UPF1","UPF1 RNA Helicase And ATPase","Protein Coding","Q92900","54","GC19P018831","1.95302081108093","https://www.genecards.org/cgi-bin/carddisp.pl?gene=UPF1"
"PI4KB","Phosphatidylinositol 4-Kinase Beta","Protein Coding","Q9UBF8","58","GC01M151291","1.9518073797226","https://www.genecards.org/cgi-bin/carddisp.pl?gene=PI4KB"
"TRN-GTT2-7","TRNA-Asn (Anticodon GTT) 2-7","RNA Gene","","11","GC01P172786","1.94262683391571","https://www.genecards.org/cgi-bin/carddisp.pl?gene=TRN-GTT2-7"
"ATG13","Autophagy Related 13","Protein Coding","O75143","52","GC11P048358","1.93632709980011","https://www.genecards.org/cgi-bin/carddisp.pl?gene=ATG13"
"AQP5","Aquaporin 5","Protein Coding","P55064","60","GC12P049961","1.93517053127289","https://www.genecards.org/cgi-bin/carddisp.pl?gene=AQP5"
"DLK1","Delta Like Non-Canonical Notch Ligand 1","Protein Coding","P80370","58","GC14P118190","1.90951585769653","https://www.genecards.org/cgi-bin/carddisp.pl?gene=DLK1"
"ARHGEF5","Rho Guanine Nucleotide Exchange Factor 5","Protein Coding","Q12774","47","GC07P144355","1.90458941459656","https://www.genecards.org/cgi-bin/carddisp.pl?gene=ARHGEF5"
"STX5","Syntaxin 5","Protein Coding","Q13190","52","GC11M062806","1.90211176872253","https://www.genecards.org/cgi-bin/carddisp.pl?gene=STX5"
"DPYSL2","Dihydropyrimidinase Like 2","Protein Coding","Q16555","58","GC08P026514","1.89710831642151","https://www.genecards.org/cgi-bin/carddisp.pl?gene=DPYSL2"
"COQ3","Coenzyme Q3, Methyltransferase","Protein Coding","Q9NZJ6","47","GC06M099369","1.89680957794189","https://www.genecards.org/cgi-bin/carddisp.pl?gene=COQ3"
"ADCY1","Adenylate Cyclase 1","Protein Coding","Q08828","60","GC07P045580","1.89176201820374","https://www.genecards.org/cgi-bin/carddisp.pl?gene=ADCY1"
"IMPDH2","Inosine Monophosphate Dehydrogenase 2","Protein Coding","P12268","61","GC03M054250","1.89104378223419","https://www.genecards.org/cgi-bin/carddisp.pl?gene=IMPDH2"
"LOC126806807","BRD4-Independent Group 4 Enhancer GRCh37_chr3:128620937-128622136","Functional Element","","6","GC03P141240","1.88857579231262","https://www.genecards.org/cgi-bin/carddisp.pl?gene=LOC126806807"
"BEST1","Bestrophin 1","Protein Coding","O76090","55","GC11P061949","1.88806796073914","https://www.genecards.org/cgi-bin/carddisp.pl?gene=BEST1"
"GRM3","Glutamate Metabotropic Receptor 3","Protein Coding","Q14832","58","GC07P086643","1.88496375083923","https://www.genecards.org/cgi-bin/carddisp.pl?gene=GRM3"
"SRSF3","Serine And Arginine Rich Splicing Factor 3","Protein Coding","P84103","51","GC06P156444","1.88021087646484","https://www.genecards.org/cgi-bin/carddisp.pl?gene=SRSF3"
"RP9","RP9 Pre-MRNA Splicing Factor","Protein Coding","Q8TA86","48","GC07M033094","1.87051069736481","https://www.genecards.org/cgi-bin/carddisp.pl?gene=RP9"
"RPL27","Ribosomal Protein L27","Protein Coding","P61353","54","GC17P042998","1.86631679534912","https://www.genecards.org/cgi-bin/carddisp.pl?gene=RPL27"
"SUCLG2","Succinate-CoA Ligase GDP-Forming Subunit Beta","Protein Coding","Q96I99","53","GC03M067358","1.86597859859467","https://www.genecards.org/cgi-bin/carddisp.pl?gene=SUCLG2"
"MIR9-1","MicroRNA 9-1","RNA Gene","","30","GC01M156420","1.86124992370605","https://www.genecards.org/cgi-bin/carddisp.pl?gene=MIR9-1"
"GJA8","Gap Junction Protein Alpha 8","Protein Coding","P48165","56","GC01P147902","1.84803450107574","https://www.genecards.org/cgi-bin/carddisp.pl?gene=GJA8"
"RERE","Arginine-Glutamic Acid Dipeptide Repeats","Protein Coding","Q9P2R6","54","GC01M019741","1.84715533256531","https://www.genecards.org/cgi-bin/carddisp.pl?gene=RERE"
"PYGB","Glycogen Phosphorylase B","Protein Coding","P11216","55","GC20P025248","1.84647870063782","https://www.genecards.org/cgi-bin/carddisp.pl?gene=PYGB"
"PCARE","Photoreceptor Cilium Actin Regulator","Protein Coding","A6NGG8","46","GC02M029060","1.84645593166351","https://www.genecards.org/cgi-bin/carddisp.pl?gene=PCARE"
"ECSIT","ECSIT Signaling Integrator","Protein Coding","Q9BQ95","50","GC19M011505","1.83333969116211","https://www.genecards.org/cgi-bin/carddisp.pl?gene=ECSIT"
"REG3A","Regenerating Family Member 3 Alpha","Protein Coding","Q06141","49","GC02M079157","1.82463979721069","https://www.genecards.org/cgi-bin/carddisp.pl?gene=REG3A"
"THORLNC","Testis Associated Oncogenic LncRNA","RNA Gene","","18","GC02M118133","1.81890797615051","https://www.genecards.org/cgi-bin/carddisp.pl?gene=THORLNC"
"ALDH9A1","Aldehyde Dehydrogenase 9 Family Member A1","Protein Coding","P49189","54","GC01M165690","1.81735563278198","https://www.genecards.org/cgi-bin/carddisp.pl?gene=ALDH9A1"
"TRAF3IP2","TRAF3 Interacting Protein 2","Protein Coding","O43734","55","GC06M111555","1.8167188167572","https://www.genecards.org/cgi-bin/carddisp.pl?gene=TRAF3IP2"
"CPS1-IT1","CPS1 Intronic Transcript 1","RNA Gene","","25","GC02P210617","1.81610786914825","https://www.genecards.org/cgi-bin/carddisp.pl?gene=CPS1-IT1"
"ACTN3","Actinin Alpha 3","Protein Coding","Q08043","52","GC11P066546","1.81400561332703","https://www.genecards.org/cgi-bin/carddisp.pl?gene=ACTN3"
"UROC1","Urocanate Hydratase 1","Protein Coding","Q96N76","51","GC03M126481","1.81068742275238","https://www.genecards.org/cgi-bin/carddisp.pl?gene=UROC1"
"DHX30","DExH-Box Helicase 30","Protein Coding","Q7L2E3","52","GC03P047802","1.7941780090332","https://www.genecards.org/cgi-bin/carddisp.pl?gene=DHX30"
"GAD2","Glutamate Decarboxylase 2","Protein Coding","Q05329","56","GC10P026216","1.79037535190582","https://www.genecards.org/cgi-bin/carddisp.pl?gene=GAD2"
"RAB35","RAB35, Member RAS Oncogene Family","Protein Coding","Q15286","51","GC12M120096","1.7828254699707","https://www.genecards.org/cgi-bin/carddisp.pl?gene=RAB35"
"HARS2","Histidyl-TRNA Synthetase 2, Mitochondrial","Protein Coding","P49590","56","GC05P155886","1.77731192111969","https://www.genecards.org/cgi-bin/carddisp.pl?gene=HARS2"
"PRMT7","Protein Arginine Methyltransferase 7","Protein Coding","Q9NVM4","55","GC16P105938","1.77042245864868","https://www.genecards.org/cgi-bin/carddisp.pl?gene=PRMT7"
"COPG2IT1","COPG2 Imprinted Transcript 1","RNA Gene","","18","GC07P138859","1.76602458953857","https://www.genecards.org/cgi-bin/carddisp.pl?gene=COPG2IT1"
"SLC3A1","Solute Carrier Family 3 Member 1","Protein Coding","Q07837","59","GC02P044275","1.76466178894043","https://www.genecards.org/cgi-bin/carddisp.pl?gene=SLC3A1"
"PHF8","PHD Finger Protein 8","Protein Coding","Q9UPP1","57","GC0XM053936","1.76373910903931","https://www.genecards.org/cgi-bin/carddisp.pl?gene=PHF8"
"SNRPN","Small Nuclear Ribonucleoprotein Polypeptide N","Protein Coding","P63162","56","GC15P024823","1.76085555553436","https://www.genecards.org/cgi-bin/carddisp.pl?gene=SNRPN"
"CRX","Cone-Rod Homeobox","Protein Coding","O43186","54","GC19P047819","1.75154948234558","https://www.genecards.org/cgi-bin/carddisp.pl?gene=CRX"
"ADGRG6","Adhesion G Protein-Coupled Receptor G6","Protein Coding","Q86SQ4","54","GC06P142301","1.7413318157196","https://www.genecards.org/cgi-bin/carddisp.pl?gene=ADGRG6"
"OIP5-AS1","OIP5 Antisense RNA 1","RNA Gene","","26","GC15P175121","1.74127793312073","https://www.genecards.org/cgi-bin/carddisp.pl?gene=OIP5-AS1"
"UQCRH","Ubiquinol-Cytochrome C Reductase Hinge Protein","Protein Coding","P07919","51","GC01P046303","1.74105477333069","https://www.genecards.org/cgi-bin/carddisp.pl?gene=UQCRH"
"GRIK4","Glutamate Ionotropic Receptor Kainate Type Subunit 4","Protein Coding","Q16099","55","GC11P123622","1.73479974269867","https://www.genecards.org/cgi-bin/carddisp.pl?gene=GRIK4"
"GGH","Gamma-Glutamyl Hydrolase","Protein Coding","Q92820","55","GC08M063014","1.72899115085602","https://www.genecards.org/cgi-bin/carddisp.pl?gene=GGH"
"PRX","Periaxin","Protein Coding","Q9BXM0","53","GC19M040393","1.72286486625671","https://www.genecards.org/cgi-bin/carddisp.pl?gene=PRX"
"PDIA6","Protein Disulfide Isomerase Family A Member 6","Protein Coding","Q15084","51","GC02M010784","1.72189950942993","https://www.genecards.org/cgi-bin/carddisp.pl?gene=PDIA6"
"MIR9-2HG","MIR9-2 Host Gene","RNA Gene","","28","GC05M088507","1.71887028217316","https://www.genecards.org/cgi-bin/carddisp.pl?gene=MIR9-2HG"
"PDE6H","Phosphodiesterase 6H","Protein Coding","Q13956","51","GC12P047081","1.7126624584198","https://www.genecards.org/cgi-bin/carddisp.pl?gene=PDE6H"
"SLC3A2","Solute Carrier Family 3 Member 2","Protein Coding","P08195","55","GC11P062856","1.7114474773407","https://www.genecards.org/cgi-bin/carddisp.pl?gene=SLC3A2"
"SLC17A7","Solute Carrier Family 17 Member 7","Protein Coding","Q9P2U7","54","GC19M049429","1.71092915534973","https://www.genecards.org/cgi-bin/carddisp.pl?gene=SLC17A7"
"CCS","Copper Chaperone For Superoxide Dismutase","Protein Coding","O14618","54","GC11P066593","1.71023964881897","https://www.genecards.org/cgi-bin/carddisp.pl?gene=CCS"
"GAST","Gastrin","Protein Coding","P01350","52","GC17P041712","1.70691204071045","https://www.genecards.org/cgi-bin/carddisp.pl?gene=GAST"
"PPAT","Phosphoribosyl Pyrophosphate Amidotransferase","Protein Coding","Q06203","54","GC04M056393","1.70590007305145","https://www.genecards.org/cgi-bin/carddisp.pl?gene=PPAT"
"CRYM","Crystallin Mu","Protein Coding","Q14894","55","GC16M021238","1.70290625095367","https://www.genecards.org/cgi-bin/carddisp.pl?gene=CRYM"
"FDPS","Farnesyl Diphosphate Synthase","Protein Coding","P14324","58","GC01P155308","1.7016453742981","https://www.genecards.org/cgi-bin/carddisp.pl?gene=FDPS"
"DLEU1","Deleted In Lymphocytic Leukemia 1","RNA Gene","O43261","36","GC13P050967","1.69885492324829","https://www.genecards.org/cgi-bin/carddisp.pl?gene=DLEU1"
"ADSS2","Adenylosuccinate Synthase 2","Protein Coding","P30520","54","GC01M244679","1.68821358680725","https://www.genecards.org/cgi-bin/carddisp.pl?gene=ADSS2"
"PDE4A","Phosphodiesterase 4A","Protein Coding","P27815","56","GC19P010416","1.66548645496368","https://www.genecards.org/cgi-bin/carddisp.pl?gene=PDE4A"
"MPC1","Mitochondrial Pyruvate Carrier 1","Protein Coding","Q9Y5U8","54","GC06M166364","1.6610119342804","https://www.genecards.org/cgi-bin/carddisp.pl?gene=MPC1"
"SLC1A5","Solute Carrier Family 1 Member 5","Protein Coding","Q15758","57","GC19M101192","1.65611124038696","https://www.genecards.org/cgi-bin/carddisp.pl?gene=SLC1A5"
"MIR873","MicroRNA 873","RNA Gene","","26","GC09M028888","1.65160083770752","https://www.genecards.org/cgi-bin/carddisp.pl?gene=MIR873"
"PLEK2","Pleckstrin 2","Protein Coding","Q9NYT0","49","GC14M067386","1.63949584960938","https://www.genecards.org/cgi-bin/carddisp.pl?gene=PLEK2"
"IRX2-DT","IRX2 Divergent Transcript","RNA Gene","Q86SI9","33","GC05P002751","1.63768005371094","https://www.genecards.org/cgi-bin/carddisp.pl?gene=IRX2-DT"
"CA3","Carbonic Anhydrase 3","Protein Coding","P07451","54","GC08P085373","1.63698720932007","https://www.genecards.org/cgi-bin/carddisp.pl?gene=CA3"
"HRH2","Histamine Receptor H2","Protein Coding","P25021","55","GC05P175659","1.62749624252319","https://www.genecards.org/cgi-bin/carddisp.pl?gene=HRH2"
"SNX9","Sorting Nexin 9","Protein Coding","Q9Y5X1","52","GC06P165434","1.62710273265839","https://www.genecards.org/cgi-bin/carddisp.pl?gene=SNX9"
"PCAT2","Prostate Cancer Associated Transcript 2","RNA Gene","","25","GC08M127072","1.60870015621185","https://www.genecards.org/cgi-bin/carddisp.pl?gene=PCAT2"
"AQP3","Aquaporin 3 (Gill Blood Group)","Protein Coding","Q92482","58","GC09M033431","1.6077253818512","https://www.genecards.org/cgi-bin/carddisp.pl?gene=AQP3"
"SCGB1A1","Secretoglobin Family 1A Member 1","Protein Coding","P11684","54","GC11P062405","1.60608863830566","https://www.genecards.org/cgi-bin/carddisp.pl?gene=SCGB1A1"
"ST7-OT3","ST7 Overlapping Transcript 3","RNA Gene","","22","GC07P117243","1.59852159023285","https://www.genecards.org/cgi-bin/carddisp.pl?gene=ST7-OT3"
"IGHE","Immunoglobulin Heavy Constant Epsilon","Protein Coding","P01854","42","GC14M122252","1.58341789245605","https://www.genecards.org/cgi-bin/carddisp.pl?gene=IGHE"
"SLC14A1","Solute Carrier Family 14 Member 1 (Kidd Blood Group)","Protein Coding","Q13336","56","GC18P045687","1.57875192165375","https://www.genecards.org/cgi-bin/carddisp.pl?gene=SLC14A1"
"ADH5","Alcohol Dehydrogenase 5 (Class III), Chi Polypeptide","Protein Coding","P11766","58","GC04M099070","1.57808339595795","https://www.genecards.org/cgi-bin/carddisp.pl?gene=ADH5"
"LGMN","Legumain","Protein Coding","Q99538","55","GC14M092703","1.57708191871643","https://www.genecards.org/cgi-bin/carddisp.pl?gene=LGMN"
"ARHGAP1","Rho GTPase Activating Protein 1","Protein Coding","Q07960","55","GC11M132454","1.5757223367691","https://www.genecards.org/cgi-bin/carddisp.pl?gene=ARHGAP1"
"PGAP2","Post-GPI Attachment To Proteins 2","Protein Coding","Q9UHJ9","47","GC11P003797","1.56753659248352","https://www.genecards.org/cgi-bin/carddisp.pl?gene=PGAP2"
"INPP5J","Inositol Polyphosphate-5-Phosphatase J","Protein Coding","Q15735","50","GC22P081283","1.56519484519958","https://www.genecards.org/cgi-bin/carddisp.pl?gene=INPP5J"
"RPL35","Ribosomal Protein L35","Protein Coding","P42766","55","GC09M124857","1.54873502254486","https://www.genecards.org/cgi-bin/carddisp.pl?gene=RPL35"
"PPL","Periplakin","Protein Coding","O60437","50","GC16M027123","1.54849481582642","https://www.genecards.org/cgi-bin/carddisp.pl?gene=PPL"
"RBM39","RNA Binding Motif Protein 39","Protein Coding","Q14498","51","GC20M036578","1.54454743862152","https://www.genecards.org/cgi-bin/carddisp.pl?gene=RBM39"
"SERPINA5","Serpin Family A Member 5","Protein Coding","P05154","56","GC14P094563","1.53507506847382","https://www.genecards.org/cgi-bin/carddisp.pl?gene=SERPINA5"
"CHML","CHM Like Rab Escort Protein","Protein Coding","P26374","47","GC01M241628","1.53068375587463","https://www.genecards.org/cgi-bin/carddisp.pl?gene=CHML"
"MIR137","MicroRNA 137","RNA Gene","","27","GC01M098046","1.53016436100006","https://www.genecards.org/cgi-bin/carddisp.pl?gene=MIR137"
"WNT3A","Wnt Family Member 3A","Protein Coding","P56704","60","GC01P232233","1.52493691444397","https://www.genecards.org/cgi-bin/carddisp.pl?gene=WNT3A"
"GABPA","GA Binding Protein Transcription Factor Subunit Alpha","Protein Coding","Q06546","47","GC21P025734","1.5245349407196","https://www.genecards.org/cgi-bin/carddisp.pl?gene=GABPA"
"GNAT2","G Protein Subunit Alpha Transducin 2","Protein Coding","P19087","56","GC01M109603","1.52229559421539","https://www.genecards.org/cgi-bin/carddisp.pl?gene=GNAT2"
"NPRL3","NPR3 Like, GATOR1 Complex Subunit","Protein Coding","Q12980","50","GC16M000084","1.51988339424133","https://www.genecards.org/cgi-bin/carddisp.pl?gene=NPRL3"
"SLC38A3","Solute Carrier Family 38 Member 3","Protein Coding","Q99624","50","GC03P050205","1.51985728740692","https://www.genecards.org/cgi-bin/carddisp.pl?gene=SLC38A3"
"HNRNPL","Heterogeneous Nuclear Ribonucleoprotein L","Protein Coding","P14866","52","GC19M038836","1.51620674133301","https://www.genecards.org/cgi-bin/carddisp.pl?gene=HNRNPL"
"RPS3A","Ribosomal Protein S3A","Protein Coding","P61247","50","GC04P151099","1.51620674133301","https://www.genecards.org/cgi-bin/carddisp.pl?gene=RPS3A"
"BOLA2","BolA Family Member 2","Protein Coding","Q9H3K6","41","GC16M045645","1.50865697860718","https://www.genecards.org/cgi-bin/carddisp.pl?gene=BOLA2"
"LSM4","LSM4 Homolog, U6 Small Nuclear RNA And MRNA Degradation Associated","Protein Coding","Q9Y4Z0","51","GC19M018306","1.50377631187439","https://www.genecards.org/cgi-bin/carddisp.pl?gene=LSM4"
"EEA1","Early Endosome Antigen 1","Protein Coding","Q15075","54","GC12M092770","1.50350785255432","https://www.genecards.org/cgi-bin/carddisp.pl?gene=EEA1"
"SFXN1","Sideroflexin 1","Protein Coding","Q9H9B4","48","GC05P175477","1.50192666053772","https://www.genecards.org/cgi-bin/carddisp.pl?gene=SFXN1"
"SLC7A9","Solute Carrier Family 7 Member 9","Protein Coding","P82251","54","GC19M032830","1.50092852115631","https://www.genecards.org/cgi-bin/carddisp.pl?gene=SLC7A9"
"AKR1A1","Aldo-Keto Reductase Family 1 Member A1","Protein Coding","P14550","56","GC01P045550","1.49336183071136","https://www.genecards.org/cgi-bin/carddisp.pl?gene=AKR1A1"
"AGMAT","Agmatinase (Putative)","Protein Coding","Q9BSE5","48","GC01M015571","1.49299550056458","https://www.genecards.org/cgi-bin/carddisp.pl?gene=AGMAT"
"AMD1","Adenosylmethionine Decarboxylase 1","Protein Coding","P17707","52","GC06P110814","1.48327922821045","https://www.genecards.org/cgi-bin/carddisp.pl?gene=AMD1"
"UNC80","Unc-80 Homolog, NALCN Channel Complex Subunit","Protein Coding","Q8N2C7","45","GC02P209771","1.47977566719055","https://www.genecards.org/cgi-bin/carddisp.pl?gene=UNC80"
"TMEM11","Transmembrane Protein 11","Protein Coding","P17152","48","GC17M021197","1.47360944747925","https://www.genecards.org/cgi-bin/carddisp.pl?gene=TMEM11"
"IKZF3","IKAROS Family Zinc Finger 3","Protein Coding","Q9UKT9","54","GC17M089263","1.46844089031219","https://www.genecards.org/cgi-bin/carddisp.pl?gene=IKZF3"
"SNRPD1","Small Nuclear Ribonucleoprotein D1 Polypeptide","Protein Coding","P62314","51","GC18P021612","1.45534634590149","https://www.genecards.org/cgi-bin/carddisp.pl?gene=SNRPD1"
"ACAD10","Acyl-CoA Dehydrogenase Family Member 10","Protein Coding","Q6JQN1","47","GC12P111686","1.43700909614563","https://www.genecards.org/cgi-bin/carddisp.pl?gene=ACAD10"
"SLC6A2","Solute Carrier Family 6 Member 2","Protein Coding","P23975","59","GC16P105545","1.43522715568542","https://www.genecards.org/cgi-bin/carddisp.pl?gene=SLC6A2"
"TUBB2A","Tubulin Beta 2A Class IIa","Protein Coding","Q13885","59","GC06M003153","1.43160760402679","https://www.genecards.org/cgi-bin/carddisp.pl?gene=TUBB2A"
"EIF3E","Eukaryotic Translation Initiation Factor 3 Subunit E","Protein Coding","P60228","51","GC08M108163","1.42484676837921","https://www.genecards.org/cgi-bin/carddisp.pl?gene=EIF3E"
"NPLOC4","NPL4 Homolog, Ubiquitin Recognition Factor","Protein Coding","Q8TAT6","51","GC17M081556","1.42403435707092","https://www.genecards.org/cgi-bin/carddisp.pl?gene=NPLOC4"
"LOC112577596","Sharpr-MPRA Regulatory Region 3933","Functional Element","","5","GC01P061914","1.42186808586121","https://www.genecards.org/cgi-bin/carddisp.pl?gene=LOC112577596"
"SLC25A52","Solute Carrier Family 25 Member 52","Protein Coding","Q3SY17","38","GC18M031759","1.41016983985901","https://www.genecards.org/cgi-bin/carddisp.pl?gene=SLC25A52"
"LINC-PINT","Long Intergenic Non-Protein Coding RNA, P53 Induced Transcript","RNA Gene","A0A455ZAR2","25","GC07M130795","1.40874624252319","https://www.genecards.org/cgi-bin/carddisp.pl?gene=LINC-PINT"
"ATF1","Activating Transcription Factor 1","Protein Coding","P18846","58","GC12P050763","1.40493321418762","https://www.genecards.org/cgi-bin/carddisp.pl?gene=ATF1"
"CRBN","Cereblon","Protein Coding","Q96SW2","58","GC03M003144","1.40062737464905","https://www.genecards.org/cgi-bin/carddisp.pl?gene=CRBN"
"PPCDC","Phosphopantothenoylcysteine Decarboxylase","Protein Coding","Q96CD2","52","GC15P075023","1.39720845222473","https://www.genecards.org/cgi-bin/carddisp.pl?gene=PPCDC"
"ACAD11","Acyl-CoA Dehydrogenase Family Member 11","Protein Coding","Q709F0","45","GC03M132559","1.39720845222473","https://www.genecards.org/cgi-bin/carddisp.pl?gene=ACAD11"
"SLC26A9","Solute Carrier Family 26 Member 9","Protein Coding","Q7LBE3","49","GC01M205883","1.39250683784485","https://www.genecards.org/cgi-bin/carddisp.pl?gene=SLC26A9"
"DDAH1","Dimethylarginine Dimethylaminohydrolase 1","Protein Coding","O94760","54","GC01M085318","1.38116502761841","https://www.genecards.org/cgi-bin/carddisp.pl?gene=DDAH1"
"PHETA1","PH Domain Containing Endocytic Trafficking Adaptor 1","Protein Coding","Q8N4B1","43","GC12M111901","1.37215685844421","https://www.genecards.org/cgi-bin/carddisp.pl?gene=PHETA1"
"MSTN","Myostatin","Protein Coding","O14793","59","GC02M190055","1.37114834785461","https://www.genecards.org/cgi-bin/carddisp.pl?gene=MSTN"
"PRDM13","PR/SET Domain 13","Protein Coding","Q9H4Q3","46","GC06P099606","1.3692170381546","https://www.genecards.org/cgi-bin/carddisp.pl?gene=PRDM13"
"HSD11B1","Hydroxysteroid 11-Beta Dehydrogenase 1","Protein Coding","P28845","63","GC01P209686","1.36563503742218","https://www.genecards.org/cgi-bin/carddisp.pl?gene=HSD11B1"
"GHRH","Growth Hormone Releasing Hormone","Protein Coding","P01286","50","GC20M037251","1.35952413082123","https://www.genecards.org/cgi-bin/carddisp.pl?gene=GHRH"
"ATF5","Activating Transcription Factor 5","Protein Coding","Q9Y2D1","50","GC19P133445","1.35665082931519","https://www.genecards.org/cgi-bin/carddisp.pl?gene=ATF5"
"VTRNA1-2","Vault RNA 1-2","RNA Gene","","13","GC05P156894","1.34809482097626","https://www.genecards.org/cgi-bin/carddisp.pl?gene=VTRNA1-2"
"KRT1","Keratin 1","Protein Coding","P04264","60","GC12M052674","1.33552122116089","https://www.genecards.org/cgi-bin/carddisp.pl?gene=KRT1"
"MROCKI","MARCKS Cis Regulating LncRNA Promoter Of Cytokines And Inflammation","RNA Gene","","21","GC06M113869","1.32979655265808","https://www.genecards.org/cgi-bin/carddisp.pl?gene=MROCKI"
"AGR2","Anterior Gradient 2, Protein Disulphide Isomerase Family Member","Protein Coding","O95994","52","GC07M017509","1.32931804656982","https://www.genecards.org/cgi-bin/carddisp.pl?gene=AGR2"
"RUVBL2","RuvB Like AAA ATPase 2","Protein Coding","Q9Y230","56","GC19P048993","1.32027316093445","https://www.genecards.org/cgi-bin/carddisp.pl?gene=RUVBL2"
"SYNJ2","Synaptojanin 2","Protein Coding","O15056","51","GC06P157981","1.30360090732574","https://www.genecards.org/cgi-bin/carddisp.pl?gene=SYNJ2"
"SIX3","SIX Homeobox 3","Protein Coding","O95343","54","GC02P044941","1.30256187915802","https://www.genecards.org/cgi-bin/carddisp.pl?gene=SIX3"
"CPSF6","Cleavage And Polyadenylation Specific Factor 6","Protein Coding","Q16630","50","GC12P069239","1.28922760486603","https://www.genecards.org/cgi-bin/carddisp.pl?gene=CPSF6"
"ROCR","Regulator Of Chondrogenesis RNA","RNA Gene","","21","GC17M092001","1.28895533084869","https://www.genecards.org/cgi-bin/carddisp.pl?gene=ROCR"
"TPM4","Tropomyosin 4","Protein Coding","P67936","52","GC19P132573","1.2740124464035","https://www.genecards.org/cgi-bin/carddisp.pl?gene=TPM4"
"SNORA75","Small Nucleolar RNA, H/ACA Box 75","RNA Gene","","18","GC02M231455","1.2707667350769","https://www.genecards.org/cgi-bin/carddisp.pl?gene=SNORA75"
"DHPS","Deoxyhypusine Synthase","Protein Coding","P49366","56","GC19M100369","1.2703001499176","https://www.genecards.org/cgi-bin/carddisp.pl?gene=DHPS"
"GSPT1","G1 To S Phase Transition 1","Protein Coding","P15170","51","GC16M011868","1.26885879039764","https://www.genecards.org/cgi-bin/carddisp.pl?gene=GSPT1"
"SNRPD3","Small Nuclear Ribonucleoprotein D3 Polypeptide","Protein Coding","P62318","48","GC22P024555","1.26885879039764","https://www.genecards.org/cgi-bin/carddisp.pl?gene=SNRPD3"
"STK38","Serine/Threonine Kinase 38","Protein Coding","Q15208","48","GC06M036493","1.25496232509613","https://www.genecards.org/cgi-bin/carddisp.pl?gene=STK38"
"RIOK1","RIO Kinase 1","Protein Coding","Q9BRS2","48","GC06P007389","1.25357925891876","https://www.genecards.org/cgi-bin/carddisp.pl?gene=RIOK1"
"SKAP1-AS2","SKAP1 Antisense RNA 2","RNA Gene","","20","GC17P134019","1.25254988670349","https://www.genecards.org/cgi-bin/carddisp.pl?gene=SKAP1-AS2"
"DDX5","DEAD-Box Helicase 5","Protein Coding","P17844","58","GC17M064498","1.25239813327789","https://www.genecards.org/cgi-bin/carddisp.pl?gene=DDX5"
"NSFL1C","NSFL1 Cofactor","Protein Coding","Q9UNZ2","50","GC20M001442","1.2484118938446","https://www.genecards.org/cgi-bin/carddisp.pl?gene=NSFL1C"
"GNB1","G Protein Subunit Beta 1","Protein Coding","P62873","58","GC01M001785","1.2429780960083","https://www.genecards.org/cgi-bin/carddisp.pl?gene=GNB1"
"PRPS2","Phosphoribosyl Pyrophosphate Synthetase 2","Protein Coding","P11908","54","GC0XP012791","1.24002373218536","https://www.genecards.org/cgi-bin/carddisp.pl?gene=PRPS2"
"TRR-TCT2-1","TRNA-Arg (Anticodon TCT) 2-1","RNA Gene","","11","GC17P132684","1.23455357551575","https://www.genecards.org/cgi-bin/carddisp.pl?gene=TRR-TCT2-1"
"EIF3H","Eukaryotic Translation Initiation Factor 3 Subunit H","Protein Coding","O15372","52","GC08M116642","1.23246717453003","https://www.genecards.org/cgi-bin/carddisp.pl?gene=EIF3H"
"CXCR1","C-X-C Motif Chemokine Receptor 1","Protein Coding","P25024","56","GC02M218162","1.23010885715485","https://www.genecards.org/cgi-bin/carddisp.pl?gene=CXCR1"
"FOXL2","Forkhead Box L2","Protein Coding","P58012","55","GC03M138944","1.22236204147339","https://www.genecards.org/cgi-bin/carddisp.pl?gene=FOXL2"
"BICDL3P","BICD Family Like 3, Pseudogene","Pseudogene","","24","GC07P090933","1.2084983587265","https://www.genecards.org/cgi-bin/carddisp.pl?gene=BICDL3P"
"TDO2","Tryptophan 2,3-Dioxygenase","Protein Coding","P48775","58","GC04P155854","1.20436525344849","https://www.genecards.org/cgi-bin/carddisp.pl?gene=TDO2"
"UFD1","Ubiquitin Recognition Factor In ER Associated Degradation 1","Protein Coding","Q92890","56","GC22M020427","1.20307433605194","https://www.genecards.org/cgi-bin/carddisp.pl?gene=UFD1"
"KIN","Kin17 DNA And RNA Binding Protein","Protein Coding","O60870","46","GC10M007750","1.19615936279297","https://www.genecards.org/cgi-bin/carddisp.pl?gene=KIN"
"MRPL18","Mitochondrial Ribosomal Protein L18","Protein Coding","Q9H0U6","40","GC06P159789","1.18954396247864","https://www.genecards.org/cgi-bin/carddisp.pl?gene=MRPL18"
"BAG2","BAG Cochaperone 2","Protein Coding","O95816","52","GC06P057172","1.18668437004089","https://www.genecards.org/cgi-bin/carddisp.pl?gene=BAG2"
"PRLR","Prolactin Receptor","Protein Coding","P16471","61","GC05M035048","1.18490028381348","https://www.genecards.org/cgi-bin/carddisp.pl?gene=PRLR"
"GRIK5","Glutamate Ionotropic Receptor Kainate Type Subunit 5","Protein Coding","Q16478","56","GC19M041998","1.17087578773499","https://www.genecards.org/cgi-bin/carddisp.pl?gene=GRIK5"
"PLA2G1B","Phospholipase A2 Group IB","Protein Coding","P04054","56","GC12M120322","1.17015469074249","https://www.genecards.org/cgi-bin/carddisp.pl?gene=PLA2G1B"
"SNRPF","Small Nuclear Ribonucleoprotein Polypeptide F","Protein Coding","P62306","47","GC12P095858","1.16932857036591","https://www.genecards.org/cgi-bin/carddisp.pl?gene=SNRPF"
"FADS6","Fatty Acid Desaturase 6","Protein Coding","Q8N9I5","40","GC17M090322","1.16669714450836","https://www.genecards.org/cgi-bin/carddisp.pl?gene=FADS6"
"SERPIND1","Serpin Family D Member 1","Protein Coding","P05546","58","GC22P080899","1.16510224342346","https://www.genecards.org/cgi-bin/carddisp.pl?gene=SERPIND1"
"SLC25A36","Solute Carrier Family 25 Member 36","Protein Coding","Q96CQ1","47","GC03P140941","1.15435135364532","https://www.genecards.org/cgi-bin/carddisp.pl?gene=SLC25A36"
"WARS1","Tryptophanyl-TRNA Synthetase 1","Protein Coding","P23381","59","GC14M122090","1.1530522108078","https://www.genecards.org/cgi-bin/carddisp.pl?gene=WARS1"
"CCL16","C-C Motif Chemokine Ligand 16","Protein Coding","O15467","45","GC17M035976","1.15225064754486","https://www.genecards.org/cgi-bin/carddisp.pl?gene=CCL16"
"TRIM5","Tripartite Motif Containing 5","Protein Coding","Q9C035","54","GC11M013462","1.15060377120972","https://www.genecards.org/cgi-bin/carddisp.pl?gene=TRIM5"
"ATP6V1B2","ATPase H+ Transporting V1 Subunit B2","Protein Coding","P21281","59","GC08P020197","1.14895617961884","https://www.genecards.org/cgi-bin/carddisp.pl?gene=ATP6V1B2"
"LAP3","Leucine Aminopeptidase 3","Protein Coding","P28838","54","GC04P026887","1.14085388183594","https://www.genecards.org/cgi-bin/carddisp.pl?gene=LAP3"
"MCHR2","Melanin Concentrating Hormone Receptor 2","Protein Coding","Q969V1","48","GC06M101263","1.13726902008057","https://www.genecards.org/cgi-bin/carddisp.pl?gene=MCHR2"
"BCAT1","Branched Chain Amino Acid Transaminase 1","Protein Coding","P54687","56","GC12M024810","1.12829613685608","https://www.genecards.org/cgi-bin/carddisp.pl?gene=BCAT1"
"RGPD2","RANBP2 Like And GRIP Domain Containing 2","Protein Coding","P0DJD1","40","GC02M087755","1.12349224090576","https://www.genecards.org/cgi-bin/carddisp.pl?gene=RGPD2"
"EFS","Embryonal Fyn-Associated Substrate","Protein Coding","O43281","46","GC14M023356","1.12153792381287","https://www.genecards.org/cgi-bin/carddisp.pl?gene=EFS"
"HNRNPAB","Heterogeneous Nuclear Ribonucleoprotein A/B","Protein Coding","Q99729","49","GC05P178204","1.12013626098633","https://www.genecards.org/cgi-bin/carddisp.pl?gene=HNRNPAB"
"KRT19","Keratin 19","Protein Coding","P08727","56","GC17M041523","1.12004745006561","https://www.genecards.org/cgi-bin/carddisp.pl?gene=KRT19"
"SLC30A9","Solute Carrier Family 30 Member 9","Protein Coding","Q6PML9","53","GC04P041992","1.11543488502502","https://www.genecards.org/cgi-bin/carddisp.pl?gene=SLC30A9"
"ASPN","Asporin","Protein Coding","Q9BXN1","54","GC09M118087","1.11225032806396","https://www.genecards.org/cgi-bin/carddisp.pl?gene=ASPN"
"SF3A3","Splicing Factor 3a Subunit 3","Protein Coding","Q12874","49","GC01M037956","1.10846757888794","https://www.genecards.org/cgi-bin/carddisp.pl?gene=SF3A3"
"FASTKD5","FAST Kinase Domains 5","Protein Coding","Q7L8L6","42","GC20M004225","1.09631204605103","https://www.genecards.org/cgi-bin/carddisp.pl?gene=FASTKD5"
"HYKK","Hydroxylysine Kinase","Protein Coding","A2RU49","42","GC15P078507","1.09455156326294","https://www.genecards.org/cgi-bin/carddisp.pl?gene=HYKK"
"RAB1A","RAB1A, Member RAS Oncogene Family","Protein Coding","P62820","53","GC02M065097","1.09219229221344","https://www.genecards.org/cgi-bin/carddisp.pl?gene=RAB1A"
"CA1","Carbonic Anhydrase 1","Protein Coding","P00915","59","GC08M085327","1.0799914598465","https://www.genecards.org/cgi-bin/carddisp.pl?gene=CA1"
"IPPK","Inositol-Pentakisphosphate 2-Kinase","Protein Coding","Q9H8X2","47","GC09M092613","1.07946848869324","https://www.genecards.org/cgi-bin/carddisp.pl?gene=IPPK"
"ZBTB20","Zinc Finger And BTB Domain Containing 20","Protein Coding","Q9HC78","52","GC03M114315","1.07334554195404","https://www.genecards.org/cgi-bin/carddisp.pl?gene=ZBTB20"
"SLC4A2","Solute Carrier Family 4 Member 2","Protein Coding","P04920","54","GC07P151057","1.07109618186951","https://www.genecards.org/cgi-bin/carddisp.pl?gene=SLC4A2"
"SOX12","SRY-Box Transcription Factor 12","Protein Coding","O15370","41","GC20P000325","1.07029855251312","https://www.genecards.org/cgi-bin/carddisp.pl?gene=SOX12"
"LNPEP","Leucyl And Cystinyl Aminopeptidase","Protein Coding","Q9UIQ6","58","GC05P096935","1.06941032409668","https://www.genecards.org/cgi-bin/carddisp.pl?gene=LNPEP"
"ZNF362","Zinc Finger Protein 362","Protein Coding","Q5T0B9","41","GC01P067624","1.06531918048859","https://www.genecards.org/cgi-bin/carddisp.pl?gene=ZNF362"
"PPA1","Inorganic Pyrophosphatase 1","Protein Coding","Q15181","52","GC10M070202","1.06226515769958","https://www.genecards.org/cgi-bin/carddisp.pl?gene=PPA1"
"CARD19","Caspase Recruitment Domain Family Member 19","Protein Coding","Q96LW7","38","GC09P103625","1.05768716335297","https://www.genecards.org/cgi-bin/carddisp.pl?gene=CARD19"
"GART","Phosphoribosylglycinamide Formyltransferase, Phosphoribosylglycinamide Synthetase, Phosphoribosylaminoimidazole Synthetase","Protein Coding","P22102","55","GC21M033503","1.05657172203064","https://www.genecards.org/cgi-bin/carddisp.pl?gene=GART"
"INTS2","Integrator Complex Subunit 2","Protein Coding","Q9H0H0","43","GC17M061865","1.05612874031067","https://www.genecards.org/cgi-bin/carddisp.pl?gene=INTS2"
"DPEP1","Dipeptidase 1","Protein Coding","P16444","56","GC16P089613","1.03783941268921","https://www.genecards.org/cgi-bin/carddisp.pl?gene=DPEP1"
"IL17RB","Interleukin 17 Receptor B","Protein Coding","Q9NRM6","52","GC03P061700","1.03153705596924","https://www.genecards.org/cgi-bin/carddisp.pl?gene=IL17RB"
"AFF1","ALF Transcription Elongation Factor 1","Protein Coding","P51825","50","GC04P086949","1.03153705596924","https://www.genecards.org/cgi-bin/carddisp.pl?gene=AFF1"
"ABCA2","ATP Binding Cassette Subfamily A Member 2","Protein Coding","Q9BZC7","55","GC09M137007","1.03119301795959","https://www.genecards.org/cgi-bin/carddisp.pl?gene=ABCA2"
"ACCS","1-Aminocyclopropane-1-Carboxylate Synthase Homolog (Inactive)","Protein Coding","Q96QU6","47","GC11P044143","1.03044593334198","https://www.genecards.org/cgi-bin/carddisp.pl?gene=ACCS"
"F13B","Coagulation Factor XIII B Chain","Protein Coding","P05160","51","GC01M197008","1.02005410194397","https://www.genecards.org/cgi-bin/carddisp.pl?gene=F13B"
"SRSF11","Serine And Arginine Rich Splicing Factor 11","Protein Coding","Q05519","50","GC01P070217","1.01673352718353","https://www.genecards.org/cgi-bin/carddisp.pl?gene=SRSF11"
"RHOJ","Ras Homolog Family Member J","Protein Coding","Q9H4E5","41","GC14P063204","1.01612234115601","https://www.genecards.org/cgi-bin/carddisp.pl?gene=RHOJ"
"INPP5B","Inositol Polyphosphate-5-Phosphatase B","Protein Coding","P32019","52","GC01M037860","1.00923418998718","https://www.genecards.org/cgi-bin/carddisp.pl?gene=INPP5B"
"KLF15","KLF Transcription Factor 15","Protein Coding","Q9UIH9","51","GC03M126293","1.00176644325256","https://www.genecards.org/cgi-bin/carddisp.pl?gene=KLF15"
"EVPL","Envoplakin","Protein Coding","Q92817","49","GC17M076004","0.993839800357819","https://www.genecards.org/cgi-bin/carddisp.pl?gene=EVPL"
"PTGES","Prostaglandin E Synthase","Protein Coding","O14684","54","GC09M129738","0.992901563644409","https://www.genecards.org/cgi-bin/carddisp.pl?gene=PTGES"
"ASGR1","Asialoglycoprotein Receptor 1","Protein Coding","P07306","53","GC17M007173","0.971844553947449","https://www.genecards.org/cgi-bin/carddisp.pl?gene=ASGR1"
"TIGD4","Tigger Transposable Element Derived 4","Protein Coding","Q8IY51","41","GC04M152769","0.967231214046478","https://www.genecards.org/cgi-bin/carddisp.pl?gene=TIGD4"
"SDF2","Stromal Cell Derived Factor 2","Protein Coding","Q99470","44","GC17M088843","0.960595726966858","https://www.genecards.org/cgi-bin/carddisp.pl?gene=SDF2"
"MIR641","MicroRNA 641","RNA Gene","","17","GC19M040282","0.957014679908752","https://www.genecards.org/cgi-bin/carddisp.pl?gene=MIR641"
"LINC01191","Long Intergenic Non-Protein Coding RNA 1191","RNA Gene","","19","GC02P148597","0.953919291496277","https://www.genecards.org/cgi-bin/carddisp.pl?gene=LINC01191"
"LCN1","Lipocalin 1","Protein Coding","P31025","49","GC09P135521","0.945359468460083","https://www.genecards.org/cgi-bin/carddisp.pl?gene=LCN1"
"ACYP1","Acylphosphatase 1","Protein Coding","P07311","49","GC14M075053","0.936373829841614","https://www.genecards.org/cgi-bin/carddisp.pl?gene=ACYP1"
"NEFM","Neurofilament Medium Chain","Protein Coding","P07197","56","GC08P024913","0.927483201026917","https://www.genecards.org/cgi-bin/carddisp.pl?gene=NEFM"
"SIRT4","Sirtuin 4","Protein Coding","Q9Y6E7","51","GC12P120291","0.925427079200745","https://www.genecards.org/cgi-bin/carddisp.pl?gene=SIRT4"
"SLC38A5","Solute Carrier Family 38 Member 5","Protein Coding","Q8WUX1","46","GC0XM048458","0.923673689365387","https://www.genecards.org/cgi-bin/carddisp.pl?gene=SLC38A5"
"RPS8","Ribosomal Protein S8","Protein Coding","P62241","49","GC01P044775","0.907102823257446","https://www.genecards.org/cgi-bin/carddisp.pl?gene=RPS8"
"SERPINA6","Serpin Family A Member 6","Protein Coding","P08185","58","GC14M122025","0.905851602554321","https://www.genecards.org/cgi-bin/carddisp.pl?gene=SERPINA6"
"SLC25A28","Solute Carrier Family 25 Member 28","Protein Coding","Q96A46","48","GC10M099610","0.90143620967865","https://www.genecards.org/cgi-bin/carddisp.pl?gene=SLC25A28"
"MTIF3","Mitochondrial Translational Initiation Factor 3","Protein Coding","Q9H2K0","45","GC13M027436","0.90143620967865","https://www.genecards.org/cgi-bin/carddisp.pl?gene=MTIF3"
"LAPTM4A","Lysosomal Protein Transmembrane 4 Alpha","Protein Coding","Q15012","47","GC02M020032","0.899692237377167","https://www.genecards.org/cgi-bin/carddisp.pl?gene=LAPTM4A"
"ADPRH","ADP-Ribosylarginine Hydrolase","Protein Coding","P54922","47","GC03P119579","0.895643055438995","https://www.genecards.org/cgi-bin/carddisp.pl?gene=ADPRH"
"PUF60","Poly(U) Binding Splicing Factor 60","Protein Coding","Q9UHX1","54","GC08M143816","0.893484354019165","https://www.genecards.org/cgi-bin/carddisp.pl?gene=PUF60"
"NARS1","Asparaginyl-TRNA Synthetase 1","Protein Coding","O43776","57","GC18M057601","0.888492286205292","https://www.genecards.org/cgi-bin/carddisp.pl?gene=NARS1"
"ASGR2","Asialoglycoprotein Receptor 2","Protein Coding","P07307","51","GC17M007101","0.885566592216492","https://www.genecards.org/cgi-bin/carddisp.pl?gene=ASGR2"
"NOC2L","NOC2 Like Nucleolar Associated Transcriptional Repressor","Protein Coding","Q9Y3T9","45","GC01M016223","0.885492622852325","https://www.genecards.org/cgi-bin/carddisp.pl?gene=NOC2L"
"EPPK1","Epiplakin 1","Protein Coding","P58107","41","GC08M143857","0.884403944015503","https://www.genecards.org/cgi-bin/carddisp.pl?gene=EPPK1"
"TOMM34","Translocase Of Outer Mitochondrial Membrane 34","Protein Coding","Q15785","45","GC20M044942","0.881906449794769","https://www.genecards.org/cgi-bin/carddisp.pl?gene=TOMM34"
"PDHA2","Pyruvate Dehydrogenase E1 Subunit Alpha 2","Protein Coding","P29803","55","GC04P095840","0.869650840759277","https://www.genecards.org/cgi-bin/carddisp.pl?gene=PDHA2"
"HOXA2","Homeobox A2","Protein Coding","O43364","51","GC07M027100","0.869650840759277","https://www.genecards.org/cgi-bin/carddisp.pl?gene=HOXA2"
"SHMT1","Serine Hydroxymethyltransferase 1","Protein Coding","P34896","56","GC17M088632","0.869434475898743","https://www.genecards.org/cgi-bin/carddisp.pl?gene=SHMT1"
"TRPV3","Transient Receptor Potential Cation Channel Subfamily V Member 3","Protein Coding","Q8NET8","55","GC17M088088","0.86215078830719","https://www.genecards.org/cgi-bin/carddisp.pl?gene=TRPV3"
"ALX1","ALX Homeobox 1","Protein Coding","Q15699","50","GC12P085279","0.859661221504211","https://www.genecards.org/cgi-bin/carddisp.pl?gene=ALX1"
"SLC17A6","Solute Carrier Family 17 Member 6","Protein Coding","Q9P2U8","52","GC11P022359","0.850740075111389","https://www.genecards.org/cgi-bin/carddisp.pl?gene=SLC17A6"
"ZNRF1","Zinc And Ring Finger 1","Protein Coding","Q8ND25","44","GC16P074999","0.848199367523193","https://www.genecards.org/cgi-bin/carddisp.pl?gene=ZNRF1"
"ERICH6","Glutamate Rich 6","Protein Coding","Q7L0X2","40","GC03M150659","0.846435785293579","https://www.genecards.org/cgi-bin/carddisp.pl?gene=ERICH6"
"CMBL","Carboxymethylenebutenolidase Homolog","Protein Coding","Q96DG6","48","GC05M010275","0.832251310348511","https://www.genecards.org/cgi-bin/carddisp.pl?gene=CMBL"
"GRIK3","Glutamate Ionotropic Receptor Kainate Type Subunit 3","Protein Coding","Q13003","55","GC01M036795","0.831136345863342","https://www.genecards.org/cgi-bin/carddisp.pl?gene=GRIK3"
"SREBF2-AS1","SREBF2 Antisense RNA 1","RNA Gene","","15","GC22M083307","0.828085362911224","https://www.genecards.org/cgi-bin/carddisp.pl?gene=SREBF2-AS1"
"PAM","Peptidylglycine Alpha-Amidating Monooxygenase","Protein Coding","P19021","54","GC05P102753","0.826271772384644","https://www.genecards.org/cgi-bin/carddisp.pl?gene=PAM"
"RPS25","Ribosomal Protein S25","Protein Coding","P62851","49","GC11M119015","0.824943542480469","https://www.genecards.org/cgi-bin/carddisp.pl?gene=RPS25"
"GLUD1P5","Glutamate Dehydrogenase 1 Pseudogene 5","Pseudogene","","8","GC10P031617","0.814058423042297","https://www.genecards.org/cgi-bin/carddisp.pl?gene=GLUD1P5"
"USP15","Ubiquitin Specific Peptidase 15","Protein Coding","Q9Y4E8","57","GC12P062260","0.811749219894409","https://www.genecards.org/cgi-bin/carddisp.pl?gene=USP15"
"PCSK6","Proprotein Convertase Subtilisin/Kexin Type 6","Protein Coding","P29122","52","GC15M156156","0.807997465133667","https://www.genecards.org/cgi-bin/carddisp.pl?gene=PCSK6"
"CROT","Carnitine O-Octanoyltransferase","Protein Coding","Q9UKG9","51","GC07P090876","0.807488679885864","https://www.genecards.org/cgi-bin/carddisp.pl?gene=CROT"
"MMP19","Matrix Metallopeptidase 19","Protein Coding","Q99542","59","GC12M055835","0.801641583442688","https://www.genecards.org/cgi-bin/carddisp.pl?gene=MMP19"
"POLR1F","RNA Polymerase I Subunit F","Protein Coding","Q3B726","41","GC07M019695","0.793932855129242","https://www.genecards.org/cgi-bin/carddisp.pl?gene=POLR1F"
"ASNSD1","Asparagine Synthetase Domain Containing 1","Protein Coding","Q9NWL6","41","GC02P189661","0.774141907691956","https://www.genecards.org/cgi-bin/carddisp.pl?gene=ASNSD1"
"MED1","Mediator Complex Subunit 1","Protein Coding","Q15648","55","GC17M039404","0.770020365715027","https://www.genecards.org/cgi-bin/carddisp.pl?gene=MED1"
"SULF2","Sulfatase 2","Protein Coding","Q8IWU5","50","GC20M047656","0.769942998886108","https://www.genecards.org/cgi-bin/carddisp.pl?gene=SULF2"
"LINC00458","Long Intergenic Non-Protein Coding RNA 458","RNA Gene","","20","GC13M053952","0.769060432910919","https://www.genecards.org/cgi-bin/carddisp.pl?gene=LINC00458"
"NR0B2","Nuclear Receptor Subfamily 0 Group B Member 2","Protein Coding","Q15466","54","GC01M032266","0.763111710548401","https://www.genecards.org/cgi-bin/carddisp.pl?gene=NR0B2"
"ALDOC","Aldolase, Fructose-Bisphosphate C","Protein Coding","P09972","50","GC17M088841","0.762516140937805","https://www.genecards.org/cgi-bin/carddisp.pl?gene=ALDOC"
"TRIP6","Thyroid Hormone Receptor Interactor 6","Protein Coding","Q15654","48","GC07P100867","0.762516140937805","https://www.genecards.org/cgi-bin/carddisp.pl?gene=TRIP6"
"SLC5A10","Solute Carrier Family 5 Member 10","Protein Coding","A0PJK1","46","GC17P018950","0.75264447927475","https://www.genecards.org/cgi-bin/carddisp.pl?gene=SLC5A10"
"NPRL2","NPR2 Like, GATOR1 Complex Subunit","Protein Coding","Q8WTW4","51","GC03M054336","0.741091370582581","https://www.genecards.org/cgi-bin/carddisp.pl?gene=NPRL2"
"SLC25A25","Solute Carrier Family 25 Member 25","Protein Coding","Q6KCM7","47","GC09P128068","0.738556742668152","https://www.genecards.org/cgi-bin/carddisp.pl?gene=SLC25A25"
"EIF3M","Eukaryotic Translation Initiation Factor 3 Subunit M","Protein Coding","Q7L2H7","50","GC11P032718","0.73749315738678","https://www.genecards.org/cgi-bin/carddisp.pl?gene=EIF3M"
"WDR77","WD Repeat Domain 77","Protein Coding","Q9BQA1","48","GC01M111439","0.73749315738678","https://www.genecards.org/cgi-bin/carddisp.pl?gene=WDR77"
"GTF2B","General Transcription Factor IIB","Protein Coding","Q00403","51","GC01M088853","0.73529851436615","https://www.genecards.org/cgi-bin/carddisp.pl?gene=GTF2B"
"ALDH3A1","Aldehyde Dehydrogenase 3 Family Member A1","Protein Coding","P30838","58","GC17M019737","0.731056571006775","https://www.genecards.org/cgi-bin/carddisp.pl?gene=ALDH3A1"
"TRPM3","Transient Receptor Potential Cation Channel Subfamily M Member 3","Protein Coding","Q9HCF6","53","GC09M070529","0.722216725349426","https://www.genecards.org/cgi-bin/carddisp.pl?gene=TRPM3"
"MIR524","MicroRNA 524","RNA Gene","","22","GC19P053711","0.715847253799438","https://www.genecards.org/cgi-bin/carddisp.pl?gene=MIR524"
"SLC22A6","Solute Carrier Family 22 Member 6","Protein Coding","Q4U2R8","56","GC11M132701","0.715022921562195","https://www.genecards.org/cgi-bin/carddisp.pl?gene=SLC22A6"
"MIR129-2","MicroRNA 129-2","RNA Gene","","27","GC11P044116","0.705840349197388","https://www.genecards.org/cgi-bin/carddisp.pl?gene=MIR129-2"
"NEK3","NIMA Related Kinase 3","Protein Coding","P51956","51","GC13M052132","0.700465679168701","https://www.genecards.org/cgi-bin/carddisp.pl?gene=NEK3"
"PBX3","PBX Homeobox 3","Protein Coding","P40426","49","GC09P125747","0.699001669883728","https://www.genecards.org/cgi-bin/carddisp.pl?gene=PBX3"
"EIF3K","Eukaryotic Translation Initiation Factor 3 Subunit K","Protein Coding","Q9UBQ5","48","GC19P038619","0.699001669883728","https://www.genecards.org/cgi-bin/carddisp.pl?gene=EIF3K"
"LUC7L2","LUC7 Like 2, Pre-MRNA Splicing Factor","Protein Coding","Q9Y383","48","GC07P140212","0.699001669883728","https://www.genecards.org/cgi-bin/carddisp.pl?gene=LUC7L2"
"SLC15A2","Solute Carrier Family 15 Member 2","Protein Coding","Q16348","52","GC03P121894","0.688738644123077","https://www.genecards.org/cgi-bin/carddisp.pl?gene=SLC15A2"
"SNORD56","Small Nucleolar RNA, C/D Box 56","RNA Gene","","21","GC20P009524","0.688213467597961","https://www.genecards.org/cgi-bin/carddisp.pl?gene=SNORD56"
"CCT6B","Chaperonin Containing TCP1 Subunit 6B","Protein Coding","Q92526","48","GC17M034927","0.681923806667328","https://www.genecards.org/cgi-bin/carddisp.pl?gene=CCT6B"
"AGTRAP","Angiotensin II Receptor Associated Protein","Protein Coding","Q6RW13","45","GC01P011736","0.681923806667328","https://www.genecards.org/cgi-bin/carddisp.pl?gene=AGTRAP"
"STK32C","Serine/Threonine Kinase 32C","Protein Coding","Q86UX6","40","GC10M132207","0.681923806667328","https://www.genecards.org/cgi-bin/carddisp.pl?gene=STK32C"
"RAPGEF2","Rap Guanine Nucleotide Exchange Factor 2","Protein Coding","Q9Y4G8","52","GC04P159106","0.676661133766174","https://www.genecards.org/cgi-bin/carddisp.pl?gene=RAPGEF2"
"RTCB","RNA 2',3'-Cyclic Phosphate And 5'-OH Ligase","Protein Coding","Q9Y3I0","48","GC22M032387","0.676056146621704","https://www.genecards.org/cgi-bin/carddisp.pl?gene=RTCB"
"HLA-DRB4","Major Histocompatibility Complex, Class II, DR Beta 4","Protein Coding","P13762","39","GC06Mo03851","0.676056146621704","https://www.genecards.org/cgi-bin/carddisp.pl?gene=HLA-DRB4"
"MIR193BHG","MIR193b-365a Host Gene","RNA Gene","","13","GC16P104313","0.676056146621704","https://www.genecards.org/cgi-bin/carddisp.pl?gene=MIR193BHG"
"SHC4","SHC Adaptor Protein 4","Protein Coding","Q6S5L8","43","GC15M048823","0.659868717193604","https://www.genecards.org/cgi-bin/carddisp.pl?gene=SHC4"
"AOX1","Aldehyde Oxidase 1","Protein Coding","Q06278","55","GC02P200585","0.656574547290802","https://www.genecards.org/cgi-bin/carddisp.pl?gene=AOX1"
"HAO2","Hydroxyacid Oxidase 2","Protein Coding","Q9NYQ3","47","GC01P119368","0.651790678501129","https://www.genecards.org/cgi-bin/carddisp.pl?gene=HAO2"
"EIF3L","Eukaryotic Translation Initiation Factor 3 Subunit L","Protein Coding","Q9Y262","48","GC22P037848","0.648838520050049","https://www.genecards.org/cgi-bin/carddisp.pl?gene=EIF3L"
"HNRNPCL1","Heterogeneous Nuclear Ribonucleoprotein C Like 1","Protein Coding","O60812","38","GC01M019895","0.648838520050049","https://www.genecards.org/cgi-bin/carddisp.pl?gene=HNRNPCL1"
"BEST2","Bestrophin 2","Protein Coding","Q8NFU1","47","GC19P012751","0.637623488903046","https://www.genecards.org/cgi-bin/carddisp.pl?gene=BEST2"
"SNORD78","Small Nucleolar RNA, C/D Box 78","RNA Gene","","13","GC01M175053","0.633598864078522","https://www.genecards.org/cgi-bin/carddisp.pl?gene=SNORD78"
"SLC22A8","Solute Carrier Family 22 Member 8","Protein Coding","Q8TCC7","53","GC11M132702","0.62938916683197","https://www.genecards.org/cgi-bin/carddisp.pl?gene=SLC22A8"
"AZGP1","Alpha-2-Glycoprotein 1, Zinc-Binding","Protein Coding","P25311","55","GC07M106061","0.627758264541626","https://www.genecards.org/cgi-bin/carddisp.pl?gene=AZGP1"
"CSN3","Casein Kappa","Protein Coding","P07498","49","GC04P070242","0.626593351364136","https://www.genecards.org/cgi-bin/carddisp.pl?gene=CSN3"
"AQP11","Aquaporin 11","Protein Coding","Q8NBQ7","46","GC11P077589","0.626593351364136","https://www.genecards.org/cgi-bin/carddisp.pl?gene=AQP11"
"SCRN1","Secernin 1","Protein Coding","Q12765","50","GC07M031483","0.621742248535156","https://www.genecards.org/cgi-bin/carddisp.pl?gene=SCRN1"
"CBY1","Chibby 1, Beta Catenin Antagonist","Protein Coding","Q9Y3M2","52","GC22P038656","0.620670676231384","https://www.genecards.org/cgi-bin/carddisp.pl?gene=CBY1"
"OCM2","Oncomodulin 2","Protein Coding","P0CE71","37","GC07M097984","0.61419403553009","https://www.genecards.org/cgi-bin/carddisp.pl?gene=OCM2"
"RBMXL1","RBMX Like 1","Protein Coding","Q96E39","37","GC01M088979","0.613367915153503","https://www.genecards.org/cgi-bin/carddisp.pl?gene=RBMXL1"
"SLC15A1","Solute Carrier Family 15 Member 1","Protein Coding","P46059","54","GC13M098683","0.606381237506866","https://www.genecards.org/cgi-bin/carddisp.pl?gene=SLC15A1"
"ADAMTS9-AS2","ADAMTS9 Antisense RNA 2","RNA Gene","","25","GC03P064671","0.594444513320923","https://www.genecards.org/cgi-bin/carddisp.pl?gene=ADAMTS9-AS2"
"USO1","USO1 Vesicle Transport Factor","Protein Coding","O60763","48","GC04P075724","0.589799046516418","https://www.genecards.org/cgi-bin/carddisp.pl?gene=USO1"
"CRYZ","Crystallin Zeta","Protein Coding","Q08257","54","GC01M074705","0.582734525203705","https://www.genecards.org/cgi-bin/carddisp.pl?gene=CRYZ"
"TSTD1","Thiosulfate Sulfurtransferase Like Domain Containing 1","Protein Coding","Q8NFU3","44","GC01M161037","0.582734525203705","https://www.genecards.org/cgi-bin/carddisp.pl?gene=TSTD1"
"INTS11","Integrator Complex Subunit 11","Protein Coding","Q5TA45","49","GC01M016425","0.56886625289917","https://www.genecards.org/cgi-bin/carddisp.pl?gene=INTS11"
"POU2F1","POU Class 2 Homeobox 1","Protein Coding","P14859","55","GC01P170983","0.561210215091705","https://www.genecards.org/cgi-bin/carddisp.pl?gene=POU2F1"
"NPL","N-Acetylneuraminate Pyruvate Lyase","Protein Coding","Q9BXD5","46","GC01P182790","0.558155059814453","https://www.genecards.org/cgi-bin/carddisp.pl?gene=NPL"
"ACSS2","Acyl-CoA Synthetase Short Chain Family Member 2","Protein Coding","Q9NR19","58","GC20P044633","0.551113307476044","https://www.genecards.org/cgi-bin/carddisp.pl?gene=ACSS2"
"GCGR","Glucagon Receptor","Protein Coding","P47871","59","GC17P081804","0.538384318351746","https://www.genecards.org/cgi-bin/carddisp.pl?gene=GCGR"
"BTBD6","BTB Domain Containing 6","Protein Coding","Q96KE9","38","GC14P105248","0.536769688129425","https://www.genecards.org/cgi-bin/carddisp.pl?gene=BTBD6"
"NCOR2","Nuclear Receptor Corepressor 2","Protein Coding","Q9Y618","55","GC12M124324","0.528760313987732","https://www.genecards.org/cgi-bin/carddisp.pl?gene=NCOR2"
"SPIN1","Spindlin 1","Protein Coding","Q9Y657","45","GC09P088388","0.527734041213989","https://www.genecards.org/cgi-bin/carddisp.pl?gene=SPIN1"
"CLNS1A","Chloride Nucleotide-Sensitive Channel 1A","Protein Coding","P54105","44","GC11M133202","0.527734041213989","https://www.genecards.org/cgi-bin/carddisp.pl?gene=CLNS1A"
"GID8","GID Complex Subunit 8 Homolog","Protein Coding","Q9NWU2","43","GC20P062938","0.527734041213989","https://www.genecards.org/cgi-bin/carddisp.pl?gene=GID8"
"SPINDOC","Spindlin Interactor And Repressor Of Chromatin Binding","Protein Coding","Q9BUA3","36","GC11P098798","0.527734041213989","https://www.genecards.org/cgi-bin/carddisp.pl?gene=SPINDOC"
"RPL26L1","Ribosomal Protein L26 Like 1","Protein Coding","Q9UNX3","44","GC05P172973","0.510484218597412","https://www.genecards.org/cgi-bin/carddisp.pl?gene=RPL26L1"
"TRS-TGA2-1","TRNA-Ser (Anticodon TGA) 2-1","RNA Gene","","8","GC06P156086","0.510484218597412","https://www.genecards.org/cgi-bin/carddisp.pl?gene=TRS-TGA2-1"
"MTRES1","Mitochondrial Transcription Rescue Factor 1","Protein Coding","Q9P0P8","38","GC06P157411","0.505488872528076","https://www.genecards.org/cgi-bin/carddisp.pl?gene=MTRES1"
"CIAO2B","Cytosolic Iron-Sulfur Assembly Component 2B","Protein Coding","Q9Y3D0","45","GC16M067629","0.49026882648468","https://www.genecards.org/cgi-bin/carddisp.pl?gene=CIAO2B"
"CRYGD","Crystallin Gamma D","Protein Coding","P07320","50","GC02M208121","0.467323303222656","https://www.genecards.org/cgi-bin/carddisp.pl?gene=CRYGD"
"SLC38A2","Solute Carrier Family 38 Member 2","Protein Coding","Q96QD8","50","GC12M046358","0.467323303222656","https://www.genecards.org/cgi-bin/carddisp.pl?gene=SLC38A2"
"TASP1","Taspase 1","Protein Coding","Q9H6P5","50","GC20M013105","0.450095355510712","https://www.genecards.org/cgi-bin/carddisp.pl?gene=TASP1"
"SYMPK","Symplekin Scaffold Protein","Protein Coding","Q92797","45","GC19M045815","0.444908201694489","https://www.genecards.org/cgi-bin/carddisp.pl?gene=SYMPK"
"ALDH3B1","Aldehyde Dehydrogenase 3 Family Member B1","Protein Coding","P43353","51","GC11P099177","0.440105706453323","https://www.genecards.org/cgi-bin/carddisp.pl?gene=ALDH3B1"
"DHRS4","Dehydrogenase/Reductase 4","Protein Coding","Q9BTZ2","48","GC14P023953","0.440105706453323","https://www.genecards.org/cgi-bin/carddisp.pl?gene=DHRS4"
"PIH1D1","PIH1 Domain Containing 1","Protein Coding","Q9NWS0","45","GC19M101284","0.440105706453323","https://www.genecards.org/cgi-bin/carddisp.pl?gene=PIH1D1"
"MAILR","Macrophage Interferon Regulatory LncRNA","RNA Gene","","18","GC08P102863","0.440105706453323","https://www.genecards.org/cgi-bin/carddisp.pl?gene=MAILR"
"LINC00899","Long Intergenic Non-Protein Coding RNA 899","RNA Gene","","17","GC22M081654","0.440105706453323","https://www.genecards.org/cgi-bin/carddisp.pl?gene=LINC00899"
"MIR7704","MicroRNA 7704","RNA Gene","","13","GC02P176406","0.43839693069458","https://www.genecards.org/cgi-bin/carddisp.pl?gene=MIR7704"
"UGT2B4","UDP Glucuronosyltransferase Family 2 Member B4","Protein Coding","P06133","51","GC04M069484","0.430008828639984","https://www.genecards.org/cgi-bin/carddisp.pl?gene=UGT2B4"
"INTS9","Integrator Complex Subunit 9","Protein Coding","Q9NV88","47","GC08M028767","0.418184816837311","https://www.genecards.org/cgi-bin/carddisp.pl?gene=INTS9"
"ACACB","Acetyl-CoA Carboxylase Beta","Protein Coding","O00763","58","GC12P109116","0.404635012149811","https://www.genecards.org/cgi-bin/carddisp.pl?gene=ACACB"
"AQP7","Aquaporin 7","Protein Coding","O14520","54","GC09M033384","0.404635012149811","https://www.genecards.org/cgi-bin/carddisp.pl?gene=AQP7"
"ECI1","Enoyl-CoA Delta Isomerase 1","Protein Coding","P42126","50","GC16M002239","0.404635012149811","https://www.genecards.org/cgi-bin/carddisp.pl?gene=ECI1"
"AQP10","Aquaporin 10","Protein Coding","Q96PS8","47","GC01P154321","0.404635012149811","https://www.genecards.org/cgi-bin/carddisp.pl?gene=AQP10"
"GPR146","G Protein-Coupled Receptor 146","Protein Coding","Q96CH1","37","GC07P001044","0.404635012149811","https://www.genecards.org/cgi-bin/carddisp.pl?gene=GPR146"
"CRIM1-DT","CRIM1 Divergent Transcript","RNA Gene","","13","GC02M036355","0.404635012149811","https://www.genecards.org/cgi-bin/carddisp.pl?gene=CRIM1-DT"
"INTS7","Integrator Complex Subunit 7","Protein Coding","Q9NVH2","46","GC01M211940","0.357758522033691","https://www.genecards.org/cgi-bin/carddisp.pl?gene=INTS7"
"SNORD73A","Small Nucleolar RNA, C/D Box 73A","RNA Gene","","15","GC04P151103","0.357758522033691","https://www.genecards.org/cgi-bin/carddisp.pl?gene=SNORD73A"
"SLC38A4","Solute Carrier Family 38 Member 4","Protein Coding","Q969I6","47","GC12M046764","0.356253564357758","https://www.genecards.org/cgi-bin/carddisp.pl?gene=SLC38A4"
"ADH7","Alcohol Dehydrogenase 7 (Class IV), Mu Or Sigma Polypeptide","Protein Coding","P40394","55","GC04M099412","0.352763116359711","https://www.genecards.org/cgi-bin/carddisp.pl?gene=ADH7"
"LINC01152","Long Intergenic Non-Protein Coding RNA 1152","RNA Gene","","21","GC17P072030","0.337543129920959","https://www.genecards.org/cgi-bin/carddisp.pl?gene=LINC01152"
"L1CAM-AS1","L1CAM Antisense RNA 1","RNA Gene","","22","GC0XP154241","0.287380009889603","https://www.genecards.org/cgi-bin/carddisp.pl?gene=L1CAM-AS1"
"LOC126861110","CDK7 Strongly-Dependent Group 2 Enhancer GRCh37_chr11:762588-763787","Functional Element","","6","GC11P014814","0.287380009889603","https://www.genecards.org/cgi-bin/carddisp.pl?gene=LOC126861110"
"PAOX","Polyamine Oxidase","Protein Coding","Q6QHF9","50","GC10P133379","0.25190931558609","https://www.genecards.org/cgi-bin/carddisp.pl?gene=PAOX"
"SCARNA10","Small Cajal Body-Specific RNA 10","RNA Gene","","19","GC12P006510","0.25190931558609","https://www.genecards.org/cgi-bin/carddisp.pl?gene=SCARNA10"
